listing_id,total_number_reviews,n_review,reviewer_name,title,stars,stayed,source,submitted,city,state
588399,11,1,Shawn S.,Cozy home,4,2016-11-23T00:00:00.000+0000,VRBO,2016-11-28T01:26:00.000+0000,Akron,OH
588399,11,2,Donnette A.,Great vacation home for a great price,5,2016-10-07T00:00:00.000+0000,VRBO,2016-10-11T00:26:00.000+0000,Akron,OH
588399,11,3,Crystal Z.,"Warm, inviting, updated home!",5,2016-08-04T00:00:00.000+0000,VRBO,2016-08-17T16:40:14.543+0000,Akron,OH
588399,11,4,Eleanor  L.,updated,4,2016-07-01T00:00:00.000+0000,VRBO,2016-07-08T18:51:00.000+0000,Akron,OH
588399,11,5,thomas h.,Perfect Visit,5,2016-04-22T00:00:00.000+0000,VRBO,2016-05-05T15:02:00.000+0000,Akron,OH
588399,11,6,Jo-Lyn P.,Christmas away from home ,5,2015-12-23T00:00:00.000+0000,VRBO,2015-12-27T19:44:16.637+0000,Akron,OH
588399,11,7,LB,Very Happy,5,2015-07-18T00:00:00.000+0000,VRBO,2015-07-30T20:32:55.427+0000,Akron,OH
588399,11,8,Linda C.,Linda Chan,5,2015-06-19T00:00:00.000+0000,VRBO,2015-07-13T20:26:00.367+0000,Akron,OH
588399,11,9,The Shupe G.,Wedding Stay,4,2014-12-09T00:00:00.000+0000,VRBO,2015-01-02T19:45:39.690+0000,Akron,OH
588399,11,10,Alan Reynolds,A home away from home,5,2014-07-23T00:00:00.000+0000,VRBO,2014-10-11T00:16:28.423+0000,Akron,OH
588399,11,11,Manu,A month in Akron,5,2014-08-30T00:00:00.000+0000,VRBO,2014-10-02T21:28:04.920+0000,Akron,OH
159220ha,83,1,theresa n.,Perfect in every way!,5,2017-05-31T00:00:00.000+0000,VRBO,2017-06-06T20:38:00.000+0000,Akron,OH
159220ha,83,2,Nembas,Visit,5,2017-05-13T00:00:00.000+0000,VRBO,2017-05-25T17:55:00.000+0000,Akron,OH
159220ha,83,3,Penny S.,As always this cottage is consistently clean and well supplied. Every detail has been thought of.,5,2017-04-28T00:00:00.000+0000,VRBO,2017-05-11T12:41:00.000+0000,Akron,OH
159220ha,83,4,Christina S.,"Perfect, quick getaway!",5,2017-04-21T00:00:00.000+0000,VRBO,2017-04-25T22:18:00.000+0000,Akron,OH
159220ha,83,5,Mary Lynn,Great little house,5,2017-03-24T00:00:00.000+0000,VRBO,2017-04-11T14:53:00.000+0000,Akron,OH
159220ha,83,6,Kristy B.,"Well-equipped, clean cottage.",5,2017-03-30T00:00:00.000+0000,VRBO,2017-04-02T16:22:00.000+0000,Akron,OH
159220ha,83,7,Andrea N.,Great house with wonderful view!,5,2017-02-18T00:00:00.000+0000,VRBO,2017-02-27T19:41:00.000+0000,Akron,OH
159220ha,83,8,Veronica F.,Excellent,5,2017-02-24T00:00:00.000+0000,VRBO,2017-02-26T20:55:00.000+0000,Akron,OH
159220ha,83,9,Jennifer E.,Wonderful,5,2016-12-27T00:00:00.000+0000,VRBO,2016-12-30T23:39:00.000+0000,Akron,OH
159220ha,83,10,theresa n.,Perfect getaway!,5,2016-12-02T00:00:00.000+0000,VRBO,2016-12-16T14:11:00.000+0000,Akron,OH
159220ha,83,11,Krista J.,Wonderful little get away!!!,5,2016-12-09T00:00:00.000+0000,VRBO,2016-12-11T12:55:00.000+0000,Akron,OH
159220ha,83,12,Andriy V.,Very nice cottage,5,2016-11-24T00:00:00.000+0000,VRBO,2016-12-05T02:42:34.583+0000,Akron,OH
159220ha,83,13,JoAnn F.,Cozy and Relaxing,5,2016-11-18T00:00:00.000+0000,VRBO,2016-11-26T07:52:00.000+0000,Akron,OH
159220ha,83,14,Steve K.,"Great weekend away from ""life"".",5,2016-11-04T00:00:00.000+0000,VRBO,2016-11-17T19:57:00.000+0000,Akron,OH
159220ha,83,15,Mary Lynn,Perfect Sized Cottage for Us,5,2016-10-29T00:00:00.000+0000,VRBO,2016-11-04T13:18:00.000+0000,Akron,OH
159220ha,83,16,Andy F.,Relaxing and refreshing,5,2016-10-27T00:00:00.000+0000,VRBO,2016-10-30T00:09:00.000+0000,Akron,OH
159220ha,83,17,Brant L.,Very enjoyable,4,2016-09-25T00:00:00.000+0000,VRBO,2016-10-04T03:48:00.000+0000,Akron,OH
159220ha,83,18,Kim S.,Perfect place for a getaway!,5,2016-09-03T00:00:00.000+0000,VRBO,2016-09-14T19:52:00.000+0000,Akron,OH
159220ha,83,19,Jill F.,Very clean and relaxing place to stay.,5,2016-08-25T00:00:00.000+0000,VRBO,2016-09-06T19:31:00.000+0000,Akron,OH
159220ha,83,20,Victoria C.,Story book perfect!,5,2016-09-01T00:00:00.000+0000,VRBO,2016-09-03T21:15:00.000+0000,Akron,OH
159220ha,83,21,Peggy Q.,"As always, our stay was wonderful!",4,2016-08-27T00:00:00.000+0000,VRBO,2016-09-01T15:51:00.000+0000,Akron,OH
159220ha,83,22,robert w.,Great,5,2016-08-01T00:00:00.000+0000,VRBO,2016-08-04T01:15:00.000+0000,Akron,OH
159220ha,83,23,Darlene G.,Week in Ohio,5,2016-07-10T00:00:00.000+0000,VRBO,2016-07-20T18:42:00.000+0000,Akron,OH
159220ha,83,24,Edward B.,Relaxing fishing getaway,5,2016-07-03T00:00:00.000+0000,VRBO,2016-07-09T20:17:21.483+0000,Akron,OH
159220ha,83,25,Peggy Q.,Great place to stay!,5,2016-06-15T00:00:00.000+0000,VRBO,2016-06-30T09:48:00.000+0000,Akron,OH
159220ha,83,26,vickie m.,Relaxing Cottage!!,5,2016-06-09T00:00:00.000+0000,VRBO,2016-06-13T17:01:00.000+0000,Akron,OH
159220ha,83,27,Jessica H.,The cabin was perfect!!!,5,2016-05-23T00:00:00.000+0000,VRBO,2016-05-30T08:40:33.463+0000,Akron,OH
159220ha,83,28,Jessica H.,The property was so pretty!,5,2016-05-23T00:00:00.000+0000,VRBO,2016-05-30T08:30:00.000+0000,Akron,OH
159220ha,83,29,Brad L.,RELAXING,5,2016-05-04T00:00:00.000+0000,VRBO,2016-05-11T22:46:00.000+0000,Akron,OH
159220ha,83,30,Liana J.,MOST ROMANTIC PLACE EVER!!,5,2016-04-08T00:00:00.000+0000,VRBO,2016-04-15T16:58:43.027+0000,Akron,OH
159220ha,83,31,Hannah G.,"Cute Cottage, Centrally Located",5,2016-03-29T00:00:00.000+0000,VRBO,2016-04-02T17:33:58.617+0000,Akron,OH
159220ha,83,32,becky g.,clean & comfortable,5,2016-03-04T00:00:00.000+0000,VRBO,2016-03-08T22:04:00.000+0000,Akron,OH
159220ha,83,33,Sam M.,"Beautiful cottage and property, incredibly clean, very reasonable price",5,2016-02-11T00:00:00.000+0000,VRBO,2016-02-18T12:45:00.000+0000,Akron,OH
159220ha,83,34,The Semples,"Perfect Spot to get away and unwind with family or friends, and very clean!",5,2015-10-29T00:00:00.000+0000,VRBO,2015-11-02T14:27:56.850+0000,Akron,OH
159220ha,83,35,Tamara B.,Beautiful view ,4,2015-10-14T00:00:00.000+0000,VRBO,2015-10-21T15:00:00.890+0000,Akron,OH
159220ha,83,36,Tamara B.,Beautiful view ,4,2015-10-14T00:00:00.000+0000,VRBO,2015-10-21T14:54:37.390+0000,Akron,OH
159220ha,83,37,Peggy Q.,This was a wonderful find!  The property was clean,5,2015-10-02T00:00:00.000+0000,VRBO,2015-10-15T09:44:22.983+0000,Akron,OH
159220ha,83,38,Penny S.,Penny Suulivan,5,2015-10-05T00:00:00.000+0000,VRBO,2015-10-12T01:35:34.827+0000,Akron,OH
159220ha,83,39,cory c.,Akron,5,2015-09-25T00:00:00.000+0000,VRBO,2015-09-27T17:42:51.110+0000,Akron,OH
159220ha,83,40,Sister Ruth U.,beautiful retreat space!,5,2015-08-23T00:00:00.000+0000,VRBO,2015-09-08T18:47:54.667+0000,Akron,OH
159220ha,83,41,James H.,Awesome house and owners ,5,2015-08-17T00:00:00.000+0000,VRBO,2015-08-25T03:17:49.183+0000,Akron,OH
159220ha,83,42,Cecelia l.,much needed R&R,5,2015-07-11T00:00:00.000+0000,VRBO,2015-07-29T12:14:38.047+0000,Akron,OH
159220ha,83,43,d k.,Wonderful cottage on the Portage Lakes,5,2015-06-09T00:00:00.000+0000,VRBO,2015-06-29T02:32:02.400+0000,Akron,OH
159220ha,83,44,Madelyn S.,Such a great place!,5,2015-06-02T00:00:00.000+0000,VRBO,2015-06-18T00:41:56.913+0000,Akron,OH
159220ha,83,45,Kim B.,THE PERFECT GET-AWAY,5,2015-05-15T00:00:00.000+0000,VRBO,2015-05-20T01:57:00.000+0000,Akron,OH
159220ha,83,46,Carey P.,Highly recommend,5,2015-04-10T00:00:00.000+0000,VRBO,2015-04-14T17:59:28.420+0000,Akron,OH
159220ha,83,47,Anonymous,Really nice place to stay,4,2015-04-06T00:00:00.000+0000,VRBO,2015-04-14T16:31:46.923+0000,Akron,OH
159220ha,83,48,Darlene G.,Our vacation at Lakefront Cottage,5,2014-08-31T00:00:00.000+0000,VRBO,2014-09-08T21:22:59.763+0000,Akron,OH
159220ha,83,49,debbie k.,Wonderful Cottage,5,2014-08-15T00:00:00.000+0000,VRBO,2014-08-25T15:21:25.197+0000,Akron,OH
159220ha,83,50,Gabrielle and Terry H.,"Wonderful rental, very nice, helpful owners",5,2014-07-05T00:00:00.000+0000,VRBO,2014-08-07T22:41:48.507+0000,Akron,OH
159220ha,83,51,Sandra K.,Best weekly rental ever!,5,2014-05-23T00:00:00.000+0000,VRBO,2014-06-12T17:00:54.177+0000,Akron,OH
159220ha,83,52,Margie C.,Great place on Portage Lakes,5,2014-04-12T00:00:00.000+0000,VRBO,2014-04-16T21:31:57.847+0000,Akron,OH
159220ha,83,53,Patrick and Lori M.,An Amazing Wildlife Sanctuary!,5,2014-04-07T00:00:00.000+0000,VRBO,2014-04-11T13:29:39.207+0000,Akron,OH
159220ha,83,54,charlon w.,Breath taking!,5,2013-12-30T00:00:00.000+0000,VRBO,2014-01-05T01:25:32.430+0000,Akron,OH
159220ha,83,55,Jason M.,Beautiful scenery and a great house,5,2013-10-27T00:00:00.000+0000,VRBO,2013-11-27T05:39:11.340+0000,Akron,OH
159220ha,83,56,Angela and Mike M.,Best Cottage on Long Lake,5,2013-10-10T00:00:00.000+0000,VRBO,2013-10-13T21:46:17.763+0000,Akron,OH
159220ha,83,57,Lauren F.,Wonderful escape!,5,2013-09-06T00:00:00.000+0000,VRBO,2013-09-17T22:34:03.497+0000,Akron,OH
159220ha,83,58,Amber M.,Absolutely amazing.,5,2013-07-16T00:00:00.000+0000,VRBO,2013-08-07T20:20:29.273+0000,Akron,OH
159220ha,83,59,Loretta D.,AWESOMENESS!,5,2013-01-04T00:00:00.000+0000,VRBO,2013-01-25T20:18:26.863+0000,Akron,OH
159220ha,83,60,Russell H.,Incredible Get-Away,5,2012-12-09T00:00:00.000+0000,VRBO,2012-12-12T15:46:59.807+0000,Akron,OH
159220ha,83,61,Tricia B.,Spic and Span,5,2012-10-31T00:00:00.000+0000,VRBO,2012-11-09T19:09:41.653+0000,Akron,OH
159220ha,83,62,Kimberly T.,Vacation-Family Reunion,5,2012-10-15T00:00:00.000+0000,VRBO,2012-10-26T15:05:15.013+0000,Akron,OH
159220ha,83,63,Larry T.,Cozy Cabin At The Lake,5,2012-10-07T00:00:00.000+0000,VRBO,2012-10-18T15:53:17.567+0000,Akron,OH
159220ha,83,64,Katrina,Perfect Lake Getaway,5,2012-10-04T00:00:00.000+0000,VRBO,2012-10-10T01:51:17.197+0000,Akron,OH
159220ha,83,65,Thalia  C.,Escape from Reality? Yes. ,5,2012-03-14T00:00:00.000+0000,VRBO,2012-03-24T18:31:14.800+0000,Akron,OH
159220ha,83,66,Eric H. & Javier R,So relaxing that i could not do my work,5,2012-02-14T00:00:00.000+0000,VRBO,2012-03-21T16:00:32.420+0000,Akron,OH
159220ha,83,67,BRARD F.,"Charming, comfortable and resting",5,2011-12-27T00:00:00.000+0000,VRBO,2012-01-18T22:18:44.763+0000,Akron,OH
159220ha,83,68,Nikki V.,What a relaxing stay,5,2011-06-12T00:00:00.000+0000,VRBO,2011-07-01T17:35:14.490+0000,Akron,OH
159220ha,83,69,T,Can't wait to go back!,5,2011-05-08T00:00:00.000+0000,VRBO,2011-05-16T04:27:50.033+0000,Akron,OH
159220ha,83,70,rebecca,beautiful little fishing cottage,5,2011-05-06T00:00:00.000+0000,VRBO,2011-05-11T11:53:20.060+0000,Akron,OH
159220ha,83,71,Linda,Fall Visit,5,2010-10-25T00:00:00.000+0000,VRBO,2010-10-30T19:56:24.287+0000,Akron,OH
159220ha,83,72,mom with two teens,July 11-18 2010,5,2010-07-11T00:00:00.000+0000,VRBO,2010-07-20T17:43:36.397+0000,Akron,OH
159220ha,83,73,to to,family reunion,5,2010-04-01T00:00:00.000+0000,VRBO,2010-04-06T01:25:36.500+0000,Akron,OH
159220ha,83,74,TTYXS,Very nice,5,2010-03-02T00:00:00.000+0000,VRBO,2010-03-04T21:50:20.627+0000,Akron,OH
159220ha,83,75,KirstenJ,Wonderful cabin,5,2009-08-15T00:00:00.000+0000,VRBO,2010-02-23T17:45:24.843+0000,Akron,OH
159220ha,83,76,Kim G.,Tranquility on Long Lake ,5,2009-07-10T00:00:00.000+0000,VRBO,2009-07-21T15:25:45.277+0000,Akron,OH
159220ha,83,77,jonip2211,Great View,5,2009-07-09T00:00:00.000+0000,VRBO,2009-07-17T17:13:55.177+0000,Akron,OH
159220ha,83,78,Kasota,Absolutely Delightful!,5,2009-05-24T00:00:00.000+0000,VRBO,2009-06-10T02:53:15.117+0000,Akron,OH
159220ha,83,79,Nembas,Great Relaxation,5,2009-05-08T00:00:00.000+0000,VRBO,2009-05-29T11:25:52.460+0000,Akron,OH
159220ha,83,80,Bryan,Nice Little Getaway,5,2009-04-16T00:00:00.000+0000,VRBO,2009-04-29T00:15:28.490+0000,Akron,OH
159220ha,83,81,SandraDebbie,Excellent!!!,5,2009-02-13T00:00:00.000+0000,VRBO,2009-03-03T18:51:49.567+0000,Akron,OH
159220ha,83,82,red88,akron lake house,5,2008-05-23T00:00:00.000+0000,VRBO,2008-06-14T20:03:30.773+0000,Akron,OH
159220ha,83,83,severine,A beautiful home !,5,2012-08-23T00:00:00.000+0000,VRBO,2012-12-01T18:51:43.917+0000,Akron,OH
3997520ha,17,1,Marta A.,1890 Victorian home--- such a treasure,5,2017-05-04T00:00:00.000+0000,VRBO,2017-05-31T17:55:00.000+0000,Akron,OH
3997520ha,17,2,TIM M.,Charming!,5,2017-03-25T00:00:00.000+0000,VRBO,2017-04-12T14:32:00.000+0000,Akron,OH
3997520ha,17,3,Melody C.,An historical excellence ,4,2017-03-25T00:00:00.000+0000,VRBO,2017-04-10T17:10:00.000+0000,Akron,OH
3997520ha,17,4,Biancha R.,Lovely home with plenty character,5,2017-02-21T00:00:00.000+0000,VRBO,2017-03-09T11:23:00.000+0000,Akron,OH
3997520ha,17,5,Robert P.,Very charming and quant home!,4,2017-02-18T00:00:00.000+0000,VRBO,2017-02-20T05:44:00.000+0000,Akron,OH
3997520ha,17,6,Juanita W.,Excellent,5,2017-01-01T00:00:00.000+0000,VRBO,2017-02-01T21:01:00.000+0000,Akron,OH
3997520ha,17,7,Deborah W.,Very nice property.,5,2016-12-09T00:00:00.000+0000,VRBO,2016-12-12T17:47:00.000+0000,Akron,OH
3997520ha,17,8,Heaven L.,Excellent,5,2016-11-20T00:00:00.000+0000,VRBO,2016-11-27T13:21:00.000+0000,Akron,OH
3997520ha,17,9,Anonymous,Quiet and Lovely,5,2016-10-01T00:00:00.000+0000,VRBO,2016-10-18T15:56:00.000+0000,Akron,OH
3997520ha,17,10,David B.,Family Friendly,5,2016-10-08T00:00:00.000+0000,VRBO,2016-10-12T01:17:00.000+0000,Akron,OH
3997520ha,17,11,Susan Cadman,"Spacious property, with useful areas in and out of doors",3,2016-07-30T00:00:00.000+0000,VRBO,2016-08-14T18:33:00.000+0000,Akron,OH
3997520ha,17,12,Art O.,Quiet and safe,4,2016-07-24T00:00:00.000+0000,VRBO,2016-07-30T18:03:00.000+0000,Akron,OH
3997520ha,17,13,Gene T.,A Work in Progress,4,2016-06-01T00:00:00.000+0000,VRBO,2016-07-07T18:15:00.000+0000,Akron,OH
3997520ha,17,14,Rubie C.,Excellent stay!,5,2016-05-20T00:00:00.000+0000,VRBO,2016-05-28T00:49:00.000+0000,Akron,OH
3997520ha,17,15,kathy c.,Fantastic House with Everything You Need,5,2016-04-23T00:00:00.000+0000,VRBO,2016-04-27T16:52:00.000+0000,Akron,OH
3997520ha,17,16,ELAINE D.,Lovely Farmhouse and Spacious Grounds,4,2015-09-30T00:00:00.000+0000,VRBO,2015-11-01T10:12:00.000+0000,Akron,OH
3997520ha,17,17,JONA A.,Time with family,3,2015-09-23T00:00:00.000+0000,VRBO,2015-10-03T18:44:00.000+0000,Akron,OH
3591310ha,39,1,Jacqueline S.,"Lovely view. Clean, quiet, comfortable.",4,2017-04-20T00:00:00.000+0000,VRBO,2017-04-24T00:08:00.000+0000,Akron,OH
3591310ha,39,2,Steven D.,Could have been better,3,2017-04-02T00:00:00.000+0000,VRBO,2017-04-09T04:35:00.000+0000,Akron,OH
3591310ha,39,3,Paul Szym,A Great Place for a Weekend Getaway,5,2017-02-18T00:00:00.000+0000,VRBO,2017-02-19T17:35:00.000+0000,Akron,OH
3591310ha,39,4,Eric A.,A real gem!,5,2016-10-08T00:00:00.000+0000,VRBO,2016-10-11T15:00:00.000+0000,Akron,OH
3591310ha,39,5,Lynn B.,Peaceful & Comfortable Nice Home ,5,2016-09-15T00:00:00.000+0000,VRBO,2016-09-18T15:57:15.923+0000,Akron,OH
3591310ha,39,6,Elizabeth,Beautiful and Peaceful,5,2016-08-25T00:00:00.000+0000,VRBO,2016-08-28T12:42:48.407+0000,Akron,OH
3591310ha,39,7,Linda S.,Nice Relaxing Vacation,5,2016-08-01T00:00:00.000+0000,VRBO,2016-08-17T14:07:00.000+0000,Akron,OH
3591310ha,39,8,Paul A.,Peaceful it is,4,2016-07-13T00:00:00.000+0000,VRBO,2016-07-21T14:11:00.000+0000,Akron,OH
3591310ha,39,9,bonnie b.,great time,5,2016-07-07T00:00:00.000+0000,VRBO,2016-07-14T14:03:00.000+0000,Akron,OH
3591310ha,39,10,Sharon B.,Great all the way around,4,2016-06-10T00:00:00.000+0000,VRBO,2016-06-18T22:47:00.000+0000,Akron,OH
3591310ha,39,11,Robert C.,Wonderful Hosts,5,2016-06-02T00:00:00.000+0000,VRBO,2016-06-15T15:01:13.070+0000,Akron,OH
3591310ha,39,12,Melissa E.,"Clean, convenient, complete",5,2016-05-22T00:00:00.000+0000,VRBO,2016-06-04T15:01:00.000+0000,Akron,OH
3591310ha,39,13,Patrick W.,"Great location, Great People",5,2016-05-28T00:00:00.000+0000,VRBO,2016-06-02T11:22:00.000+0000,Akron,OH
3591310ha,39,14,Danny F.,It is a great waterfront property,5,2016-05-17T00:00:00.000+0000,VRBO,2016-05-18T23:22:33.257+0000,Akron,OH
3591310ha,39,15,Laura B.,Great local getaway,5,2016-04-09T00:00:00.000+0000,VRBO,2016-04-22T14:44:00.000+0000,Akron,OH
3591310ha,39,16,Jesse  S.,Wonderful Weekend Stay On The Portage Lakes,5,2016-04-16T00:00:00.000+0000,VRBO,2016-04-17T22:40:00.000+0000,Akron,OH
3591310ha,39,17,steve n.,Beautiful & Relaxing Stay !!!,5,2016-04-11T00:00:00.000+0000,VRBO,2016-04-12T19:55:00.000+0000,Akron,OH
3591310ha,39,18,Kathleen S.,"Clean, Simple, and a Great View of Lake.",5,2015-11-25T00:00:00.000+0000,VRBO,2016-04-11T16:43:00.000+0000,Akron,OH
3591310ha,39,19,Kenneth H.,Great Quiet Location,5,2016-03-13T00:00:00.000+0000,VRBO,2016-03-24T11:10:00.000+0000,Akron,OH
3591310ha,39,20,Ann S.,Smelly water !,2,2015-12-03T00:00:00.000+0000,VRBO,2016-03-23T20:45:00.000+0000,Akron,OH
3591310ha,39,21,Laura S.,Wonderful Home on Lake Portage to Recoup from Medical Procedure,5,2015-11-09T00:00:00.000+0000,VRBO,2015-11-20T14:24:00.000+0000,Akron,OH
3591310ha,39,22,Todd M.,Everything we hoped it would be. ,5,2015-10-17T00:00:00.000+0000,VRBO,2015-11-02T23:23:24.930+0000,Akron,OH
3591310ha,39,23,Susan Cadman,Disappointing,1,2015-09-13T00:00:00.000+0000,VRBO,2015-10-06T20:39:31.750+0000,Akron,OH
3591310ha,39,24,matt g.,Fishing trip,5,2015-09-26T00:00:00.000+0000,VRBO,2015-09-29T03:12:53.793+0000,Akron,OH
3591310ha,39,25,Jan,A nice place,4,2015-09-05T00:00:00.000+0000,VRBO,2015-09-15T12:37:02.393+0000,Akron,OH
3591310ha,39,26,Beatrice D.,Relaxing,5,2015-08-20T00:00:00.000+0000,VRBO,2015-09-14T14:39:06.343+0000,Akron,OH
3591310ha,39,27,Mary V.,Clean Comfortable and Cute,4,2015-07-25T00:00:00.000+0000,VRBO,2015-08-05T01:27:19.187+0000,Akron,OH
3591310ha,39,28,Tom P.,Great Jet Skiing and Kayaking!,5,2015-07-07T00:00:00.000+0000,VRBO,2015-07-16T22:48:05.383+0000,Akron,OH
3591310ha,39,29,Diane A.,Excellent Home Away from Home in Akron!,5,2015-06-09T00:00:00.000+0000,VRBO,2015-06-16T03:15:58.377+0000,Akron,OH
3591310ha,39,30,Patricia G.,Perfect home to visit Cuyahoga Vallley.,5,2015-05-25T00:00:00.000+0000,VRBO,2015-06-03T12:10:42.387+0000,Akron,OH
3591310ha,39,31,Benjamin Z.,Perfect Relaxing Place,5,2015-05-10T00:00:00.000+0000,VRBO,2015-05-15T02:06:00.000+0000,Akron,OH
3591310ha,39,32,Anonymous,Best new year eve 14-15,5,2014-12-31T00:00:00.000+0000,VRBO,2015-01-01T07:04:00.000+0000,Akron,OH
3591310ha,39,33,Kyle H.,Great Stay!,5,2014-09-26T00:00:00.000+0000,VRBO,2014-10-06T18:08:32.130+0000,Akron,OH
3591310ha,39,34,Fly Girl, Clean and Quiet,5,2014-06-02T00:00:00.000+0000,VRBO,2014-07-28T19:46:06.457+0000,Akron,OH
3591310ha,39,35,adam r.,Great Getaway!,4,2014-07-07T00:00:00.000+0000,VRBO,2014-07-21T19:17:11.347+0000,Akron,OH
3591310ha,39,36,Anonymous,Quiet little cottage on a beautiful lake. ,4,2014-06-11T00:00:00.000+0000,VRBO,2014-06-20T17:11:50.240+0000,Akron,OH
3591310ha,39,37,Olivia B.,Nice play to stay with a wonderful view,5,2014-05-21T00:00:00.000+0000,VRBO,2014-05-30T04:47:58.590+0000,Akron,OH
3591310ha,39,38,Abcsmom,Very clean! Great owners! Great communication!,5,2013-11-16T00:00:00.000+0000,VRBO,2013-11-20T04:27:58.553+0000,Akron,OH
3591310ha,39,39,Mary B.,Beautiful view in rustic cottage,5,2013-11-08T00:00:00.000+0000,VRBO,2013-11-20T01:52:49.530+0000,Akron,OH
4162008ha,3,1,Leah P.,Cannot say enough good things,5,2017-01-20T00:00:00.000+0000,VRBO,2017-01-22T22:43:00.000+0000,Akron,OH
4162008ha,3,2,Tim F.,What a wonderfully delightful and unique place to spend a few relaxing days.,5,2016-07-22T00:00:00.000+0000,VRBO,2016-08-03T16:25:00.000+0000,Akron,OH
4162008ha,3,3,Brian C.,The Secret Passage Was Amazing! Excellent Stay!,5,2016-05-10T00:00:00.000+0000,VRBO,2016-05-12T19:22:27.393+0000,Akron,OH
792987,3,1,Martha S.,Christmas on the lake,4,2016-12-23T00:00:00.000+0000,VRBO,2016-12-26T17:12:00.000+0000,Akron,OH
792987,3,2,Kevin C.,Quiet Lake... Nice View,5,2016-08-02T00:00:00.000+0000,VRBO,2016-08-14T18:53:00.000+0000,Akron,OH
792987,3,3,Erin D.,A Fantastic house!!! And ok lake...,4,2016-07-24T00:00:00.000+0000,VRBO,2016-07-31T03:06:00.000+0000,Akron,OH
4440338ha,2,1,Mary Lynn,Great location and Pet Friendly!,5,2017-06-04T00:00:00.000+0000,VRBO,2017-06-08T16:40:00.000+0000,Akron,OH
4440338ha,2,2,Laura B.,Lots of space!,5,2017-03-18T00:00:00.000+0000,VRBO,2017-03-20T22:47:00.000+0000,Akron,OH
433936,12,1,DEBorah b.,Our wonderful stay,5,2016-10-28T00:00:00.000+0000,VRBO,2016-11-11T11:49:00.000+0000,Akron,OH
433936,12,2,Brad L.,"Clean, comfortable and well equipped cottage right on the lake - Scenic and Serene Setting",5,2016-10-24T00:00:00.000+0000,VRBO,2016-10-28T15:05:00.000+0000,Akron,OH
433936,12,3,Deb S.,Great location and nicely updated,5,2016-09-02T00:00:00.000+0000,VRBO,2016-10-01T23:33:26.510+0000,Akron,OH
433936,12,4,Deb S.,Great smaller home!,5,2016-09-03T00:00:00.000+0000,VRBO,2016-09-22T03:35:00.000+0000,Akron,OH
433936,12,5,Kevin C.,Beautiful Setup All You Could Possibly Want,5,2016-08-02T00:00:00.000+0000,VRBO,2016-08-14T19:03:00.000+0000,Akron,OH
433936,12,6,Andrew N.,Lakefront vacation ,5,2015-08-15T00:00:00.000+0000,VRBO,2015-08-24T06:30:16.037+0000,Akron,OH
433936,12,7,terri n.,Lake front gem,4,2015-08-03T00:00:00.000+0000,VRBO,2015-08-21T17:06:58.270+0000,Akron,OH
433936,12,8,Elizabeth M.,Ready to retire here,5,2015-05-15T00:00:00.000+0000,VRBO,2015-05-27T15:38:44.943+0000,Akron,OH
433936,12,9,DJ,Perfect Cottage,5,2014-09-28T00:00:00.000+0000,VRBO,2014-10-07T18:14:36.437+0000,Akron,OH
433936,12,10,Family,Second home,5,2014-08-09T00:00:00.000+0000,VRBO,2014-08-21T19:49:14.860+0000,Akron,OH
433936,12,11,Anonymous,Lovely Lakefront Retreat,5,2013-05-18T00:00:00.000+0000,VRBO,2013-06-08T13:12:30.020+0000,Akron,OH
433936,12,12,Lynn,Very nice place to stay,5,2012-09-17T00:00:00.000+0000,VRBO,2012-10-01T01:29:59.533+0000,Akron,OH
769217,2,1,Cindy R.,Great family home,5,2017-05-31T00:00:00.000+0000,VRBO,2017-06-08T18:17:00.000+0000,Akron,OH
769217,2,2,Katherine M.,"Beautiful, cozy home in Cuyahoga Falls",5,2016-11-23T00:00:00.000+0000,VRBO,2016-11-27T13:27:33.850+0000,Akron,OH
878048,5,1,Jennifer A.,Beautiful area.,5,2017-02-07T00:00:00.000+0000,VRBO,2017-04-19T10:23:00.000+0000,Akron,OH
878048,5,2,Diane K.,Great condo,5,2016-12-09T00:00:00.000+0000,VRBO,2017-01-09T03:35:41.640+0000,Akron,OH
878048,5,3,Nancy L.,Beautiful and Comfortable!,5,2016-09-22T00:00:00.000+0000,VRBO,2016-10-31T23:00:00.000+0000,Akron,OH
878048,5,4,Lauren H.,Wonderful condo - very comfortable and convenient.,5,2016-09-07T00:00:00.000+0000,VRBO,2016-09-19T21:08:00.000+0000,Akron,OH
878048,5,5,Earl W.,Made a great week end out of unfortunate circumstances ....,5,2016-08-05T00:00:00.000+0000,VRBO,2016-09-01T15:53:00.000+0000,Akron,OH
576008,7,1,Sheila K.,This is a beautiful home! Everything you need to relax and enjoy your stay is provided.,5,2016-10-19T00:00:00.000+0000,VRBO,2017-01-03T12:49:00.000+0000,Akron,OH
576008,7,2,Jason,The Happy Bachelor,5,2014-07-18T00:00:00.000+0000,VRBO,2014-07-20T16:09:05.497+0000,Akron,OH
576008,7,3,Anonymous,Great place for family get away,5,2014-06-27T00:00:00.000+0000,VRBO,2014-07-09T01:26:50.660+0000,Akron,OH
576008,7,4,The Bachelor and Friends,Cousins & Friends Reunion,5,2014-05-23T00:00:00.000+0000,VRBO,2014-06-05T01:01:20.927+0000,Akron,OH
576008,7,5,Tony,Business trip,5,2014-03-13T00:00:00.000+0000,VRBO,2014-04-12T14:18:48.380+0000,Akron,OH
576008,7,6,Shannon M.,Local staycationers,5,2014-02-14T00:00:00.000+0000,VRBO,2014-04-09T14:10:50.807+0000,Akron,OH
576008,7,7,Susan F.,Great getaway!,5,2014-03-08T00:00:00.000+0000,VRBO,2014-04-08T23:25:57.387+0000,Akron,OH
730514,6,1,CO Skier,Beautiful home and caring owners,5,2017-03-31T00:00:00.000+0000,VRBO,2017-04-04T23:29:00.000+0000,Akron,OH
730514,6,2,Adam S.,It was better than I expected.,5,2016-10-07T00:00:00.000+0000,VRBO,2016-10-14T15:15:00.000+0000,Akron,OH
730514,6,3,Jan F.,"Great house, great location",5,2016-09-01T00:00:00.000+0000,VRBO,2016-09-07T14:31:00.000+0000,Akron,OH
730514,6,4,Angie K.,Pro Football Hall of Fame Weekend,5,2016-08-05T00:00:00.000+0000,VRBO,2016-08-08T17:35:00.000+0000,Akron,OH
730514,6,5,CO Skier,Beautiful and Welcoming Home,5,2016-07-29T00:00:00.000+0000,VRBO,2016-08-04T16:02:00.000+0000,Akron,OH
730514,6,6,Dariusz P.,"Beautiful, fun, private sanctuary!",5,2016-07-04T00:00:00.000+0000,VRBO,2016-07-14T16:45:00.000+0000,Akron,OH
3525155ha,35,1,Darla H.,Comfort Cottage was very nice with beautiful views,5,2017-05-08T00:00:00.000+0000,VRBO,2017-05-11T13:06:00.000+0000,Akron,OH
3525155ha,35,2,Nancy F.,"This was a wonderful getaway. So relaxing, beautiful & serene!!!!",5,2017-04-18T00:00:00.000+0000,VRBO,2017-04-23T00:46:00.000+0000,Akron,OH
3525155ha,35,3,Peggy Q.,Wonderful place to stay,5,2017-04-08T00:00:00.000+0000,VRBO,2017-04-13T10:17:00.000+0000,Akron,OH
3525155ha,35,4,Stephanie W.,"Beautiful, clean, and lives up to its name",5,2017-03-19T00:00:00.000+0000,VRBO,2017-03-23T22:43:00.000+0000,Akron,OH
3525155ha,35,5,alisa k.,Very comfortable for my daughter and me.,5,2017-03-02T00:00:00.000+0000,VRBO,2017-03-10T03:20:00.000+0000,Akron,OH
3525155ha,35,6,Janet V.,"Beautiful, charming, tranquil!",5,2017-01-26T00:00:00.000+0000,VRBO,2017-02-05T15:44:00.000+0000,Akron,OH
3525155ha,35,7,Mary Jo G.,Relaxing Getaway!,5,2016-10-13T00:00:00.000+0000,VRBO,2016-10-19T00:49:00.000+0000,Akron,OH
3525155ha,35,8,Debbie H.,Beauty on the lake,5,2016-09-29T00:00:00.000+0000,VRBO,2016-10-04T21:09:00.000+0000,Akron,OH
3525155ha,35,9,Cindy K.,Peaceful and wonderfully located on Lake.,5,2016-09-22T00:00:00.000+0000,VRBO,2016-09-26T11:31:00.000+0000,Akron,OH
3525155ha,35,10,Cathy J.,"Great location, beautiful grounds and Rustic interior",5,2016-09-06T00:00:00.000+0000,VRBO,2016-09-17T10:15:00.000+0000,Akron,OH
3525155ha,35,11,Jackie K.,The Perfect Little Getaway,5,2016-09-03T00:00:00.000+0000,VRBO,2016-09-07T01:43:00.000+0000,Akron,OH
3525155ha,35,12,Rob N.,The month was extremely relaxing. Loved our stay at this beautiful location.,5,2016-08-01T00:00:00.000+0000,VRBO,2016-08-30T20:19:00.000+0000,Akron,OH
3525155ha,35,13,Michael & Natalie K.,Property was nic,4,2016-07-25T00:00:00.000+0000,VRBO,2016-08-09T15:37:00.000+0000,Akron,OH
3525155ha,35,14,William M.,Plan to Return in 2017,5,2016-07-28T00:00:00.000+0000,VRBO,2016-07-31T18:55:00.000+0000,Akron,OH
3525155ha,35,15,Loretta D.,Exellent place to stay!,5,2016-07-17T00:00:00.000+0000,VRBO,2016-07-21T21:10:00.000+0000,Akron,OH
3525155ha,35,16,Max W.,Great quiet get away while still close to civilization,5,2016-06-21T00:00:00.000+0000,VRBO,2016-06-27T19:55:00.000+0000,Akron,OH
3525155ha,35,17,Jeanne N.,Lovely,4,2016-05-20T00:00:00.000+0000,VRBO,2016-06-01T13:56:00.000+0000,Akron,OH
3525155ha,35,18,Katie B.,Fantastic property!!!,5,2016-01-13T00:00:00.000+0000,VRBO,2016-01-29T05:25:00.000+0000,Akron,OH
3525155ha,35,19,Guy K.,Beautiful cottage on the lake,5,2015-11-20T00:00:00.000+0000,VRBO,2015-12-01T23:37:20.333+0000,Akron,OH
3525155ha,35,20,James,"Great place to stay in Akron, Ohio",5,2015-10-11T00:00:00.000+0000,VRBO,2015-10-20T14:57:49.390+0000,Akron,OH
3525155ha,35,21,Ron S.,Absolute Perfection..,5,2015-09-16T00:00:00.000+0000,VRBO,2015-09-19T18:19:51.060+0000,Akron,OH
3525155ha,35,22,Beatrice D.,Charming and Comfortable,5,2015-08-21T00:00:00.000+0000,VRBO,2015-09-14T15:07:08.177+0000,Akron,OH
3525155ha,35,23,RaeAnn,Beautiful and peaceful!,5,2015-09-10T00:00:00.000+0000,VRBO,2015-09-13T15:27:50.090+0000,Akron,OH
3525155ha,35,24,Loretta D.,GREATEST PLACE TO STAY,5,2015-08-17T00:00:00.000+0000,VRBO,2015-08-26T00:10:40.313+0000,Akron,OH
3525155ha,35,25,Mike K.,Perfect Little Get Away Place,5,2015-05-22T00:00:00.000+0000,VRBO,2015-06-07T01:21:06.393+0000,Akron,OH
3525155ha,35,26,Gary S.,Wonderful,5,2015-05-03T00:00:00.000+0000,VRBO,2015-05-17T09:22:00.000+0000,Akron,OH
3525155ha,35,27,Megan S.,Cute and comfy cottage!,5,2015-02-06T00:00:00.000+0000,VRBO,2015-02-15T04:19:00.000+0000,Akron,OH
3525155ha,35,28,Mark S.,Comfortable lake cabin in beautiful setting,5,2014-08-01T00:00:00.000+0000,VRBO,2014-08-15T19:22:19.980+0000,Akron,OH
3525155ha,35,29,Loretta D.,Best place ever!!,5,2014-07-21T00:00:00.000+0000,VRBO,2014-08-06T00:31:05.990+0000,Akron,OH
3525155ha,35,30,Darrell M.,Great place for that get away!,5,2014-03-14T00:00:00.000+0000,VRBO,2014-03-20T10:38:26.467+0000,Akron,OH
3525155ha,35,31,Bob W.,Great waterfront getaway ,5,2013-08-15T00:00:00.000+0000,VRBO,2013-08-27T00:52:39.440+0000,Akron,OH
3525155ha,35,32,Brad N.,Beautiful as promised and more,5,2013-07-05T00:00:00.000+0000,VRBO,2013-07-10T18:58:34.987+0000,Akron,OH
3525155ha,35,33,Alyssa P.,Can't wait to go back!,5,2013-06-06T00:00:00.000+0000,VRBO,2013-06-25T17:37:52.737+0000,Akron,OH
3525155ha,35,34,Loretta D.,Best place to escape it all!,5,2013-06-10T00:00:00.000+0000,VRBO,2013-06-14T23:23:09.513+0000,Akron,OH
3525155ha,35,35,Anonymous,Our stay at the Comfort Cottage,5,2013-05-16T00:00:00.000+0000,VRBO,2013-05-28T15:31:12.027+0000,Akron,OH
3604133ha,28,1,Pam S.,Fit our need perfectly!,5,2016-12-07T00:00:00.000+0000,VRBO,2016-12-15T02:52:00.000+0000,Akron,OH
3604133ha,28,2,Lora  R.,Nice lakefront home!,4,2016-10-07T00:00:00.000+0000,VRBO,2016-10-19T02:23:00.000+0000,Akron,OH
3604133ha,28,3,Pamela S.,Best of Two worlds,5,2016-08-23T00:00:00.000+0000,VRBO,2016-08-28T16:05:00.000+0000,Akron,OH
3604133ha,28,4,Leigh Ann F.,Wonderful surprise in the middle of Ohio,4,2016-08-11T00:00:00.000+0000,VRBO,2016-08-15T19:13:00.000+0000,Akron,OH
3604133ha,28,5,Casey C.,Great home for families,5,2016-08-03T00:00:00.000+0000,VRBO,2016-08-10T00:54:00.000+0000,Akron,OH
3604133ha,28,6,Anthony K.,"Clean, big, right on water. We loved it",5,2016-07-24T00:00:00.000+0000,VRBO,2016-08-01T14:04:00.000+0000,Akron,OH
3604133ha,28,7,Michael B.,Beautiful Lakeside Retreat,5,2016-06-20T00:00:00.000+0000,VRBO,2016-07-03T03:15:00.000+0000,Akron,OH
3604133ha,28,8,John H.,A great 4 day get away,4,2016-05-08T00:00:00.000+0000,VRBO,2016-06-07T14:36:00.000+0000,Akron,OH
3604133ha,28,9,John O.,Great family getaway,5,2015-12-18T00:00:00.000+0000,VRBO,2015-12-23T11:12:52.367+0000,Akron,OH
3604133ha,28,10,Sharon M.,Girlfriends Trip,5,2015-09-10T00:00:00.000+0000,VRBO,2015-11-02T14:36:38.940+0000,Akron,OH
3604133ha,28,11,Jeff F.,What a nice place!,5,2015-10-22T00:00:00.000+0000,VRBO,2015-10-25T19:03:10.977+0000,Akron,OH
3604133ha,28,12,Kristi R.,Time with family,5,2015-10-08T00:00:00.000+0000,VRBO,2015-10-12T20:40:01.633+0000,Akron,OH
3604133ha,28,13,Beatrice D.,A dream vacation,5,2015-08-18T00:00:00.000+0000,VRBO,2015-09-14T15:03:46.297+0000,Akron,OH
3604133ha,28,14,Kyle P.,What a Perfect Weekend!,5,2015-06-11T00:00:00.000+0000,VRBO,2015-06-15T21:08:00.000+0000,Akron,OH
3604133ha,28,15,Michael B.,Great get away location,5,2015-03-19T00:00:00.000+0000,VRBO,2015-04-01T19:45:59.427+0000,Akron,OH
3604133ha,28,16,Erik E.,Lakefront Vacation Home,5,2015-01-26T00:00:00.000+0000,VRBO,2015-02-04T16:20:00.000+0000,Akron,OH
3604133ha,28,17,Mary Y.,Clean with lots of room!,5,2014-12-19T00:00:00.000+0000,VRBO,2014-12-29T21:03:00.000+0000,Akron,OH
3604133ha,28,18,DIANA K.,We had an amazing stay in this beautiful home,5,2014-11-25T00:00:00.000+0000,VRBO,2014-12-11T15:38:30.717+0000,Akron,OH
3604133ha,28,19,joe r.,Extroadinary Home!,5,2014-10-01T00:00:00.000+0000,VRBO,2014-11-01T17:20:38.163+0000,Akron,OH
3604133ha,28,20,Brian S.,Great weekend stay for a group,5,2014-09-26T00:00:00.000+0000,VRBO,2014-10-02T18:33:27.330+0000,Akron,OH
3604133ha,28,21,Jean B.,A great time was had by all,5,2014-09-03T00:00:00.000+0000,VRBO,2014-09-11T04:28:22.107+0000,Akron,OH
3604133ha,28,22,Bethany W.,"Wonderful Location, Wonderful Home!!!",5,2014-08-08T00:00:00.000+0000,VRBO,2014-08-15T18:36:58.383+0000,Akron,OH
3604133ha,28,23,priscilla,Lake Vacation,5,2014-08-10T00:00:00.000+0000,VRBO,2014-08-14T16:59:10.783+0000,Akron,OH
3604133ha,28,24,Zach C.,The house was great big spacious bright and clean ,5,2014-04-10T00:00:00.000+0000,VRBO,2014-04-17T16:36:09.113+0000,Akron,OH
3604133ha,28,25,Morgan D.,Beautiful and fun property,5,2014-02-18T00:00:00.000+0000,VRBO,2014-02-26T20:05:09.873+0000,Akron,OH
3604133ha,28,26,Rick  P.,"Perfect location, beautiful home and property!",4,2013-12-05T00:00:00.000+0000,VRBO,2013-12-17T13:08:51.617+0000,Akron,OH
3604133ha,28,27,Terri B.,It was a major WOW from the second we arrived!,5,2013-09-13T00:00:00.000+0000,VRBO,2013-12-03T16:33:17.017+0000,Akron,OH
3604133ha,28,28,Anonymous,Chillin' on the Lake,4,2013-08-14T00:00:00.000+0000,VRBO,2013-09-05T05:16:51.760+0000,Akron,OH
614976,30,1,Rick C.,"Peaceful, Relaxing Allure!",5,2017-05-26T00:00:00.000+0000,VRBO,2017-06-02T18:10:00.000+0000,Akron,OH
614976,30,2,Michelle S.,Wonderful!,5,2016-10-08T00:00:00.000+0000,VRBO,2016-10-20T19:01:00.000+0000,Akron,OH
614976,30,3,Ken and Barb L.,Excellent stay,5,2016-09-11T00:00:00.000+0000,VRBO,2016-10-09T16:04:00.000+0000,Akron,OH
614976,30,4,Julie S.,WOW!!!,5,2016-09-08T00:00:00.000+0000,VRBO,2016-09-13T22:51:00.000+0000,Akron,OH
614976,30,5,Belia L.,"Peaceful, relaxing, and welcoming",5,2016-09-03T00:00:00.000+0000,VRBO,2016-09-06T01:08:00.000+0000,Akron,OH
614976,30,6,Robert K.,Quiet sanctuary,5,2016-08-10T00:00:00.000+0000,VRBO,2016-08-22T16:46:00.000+0000,Akron,OH
614976,30,7,Jamie H.,Idyllic Cottage on an Ohio Horse Farm,5,2016-08-04T00:00:00.000+0000,VRBO,2016-08-12T22:53:00.000+0000,Akron,OH
614976,30,8,Nicole H.,"Unfortunately, we only stayed two days...",5,2016-07-26T00:00:00.000+0000,VRBO,2016-07-28T15:02:00.000+0000,Akron,OH
614976,30,9,gordon m.,Amazing,5,2016-07-18T00:00:00.000+0000,VRBO,2016-07-21T19:53:00.000+0000,Akron,OH
614976,30,10,Anonymous,Second visit. Love this place!,5,2016-06-23T00:00:00.000+0000,VRBO,2016-07-02T17:05:00.000+0000,Akron,OH
614976,30,11,An Indiana Guest,Relaxing Stay,5,2016-06-20T00:00:00.000+0000,VRBO,2016-06-27T19:29:00.000+0000,Akron,OH
614976,30,12,Robert K.,Serene perfectly located guest home,5,2016-03-29T00:00:00.000+0000,VRBO,2016-04-06T17:50:00.000+0000,Akron,OH
614976,30,13,Marian  d.,Wonderful stay. Perfect hosts. ,5,2015-12-21T00:00:00.000+0000,VRBO,2016-02-06T21:29:02.323+0000,Akron,OH
614976,30,14,haydee a.,The Hamadeys ,5,2015-11-05T00:00:00.000+0000,VRBO,2015-12-19T06:10:23.887+0000,Akron,OH
614976,30,15,Nicole G.,All you could ask for!,5,2015-09-14T00:00:00.000+0000,VRBO,2015-11-19T14:12:31.097+0000,Akron,OH
614976,30,16,Amy P.,Family trip to USA from England,5,2015-08-22T00:00:00.000+0000,VRBO,2015-09-08T11:21:16.627+0000,Akron,OH
614976,30,17,Michelle S,Our Second Stay,5,2015-08-10T00:00:00.000+0000,VRBO,2015-08-17T16:42:32.597+0000,Akron,OH
614976,30,18,Anonymous,Perfect Getaway!,5,2015-07-10T00:00:00.000+0000,VRBO,2015-08-12T21:28:41.997+0000,Akron,OH
614976,30,19,Dan ,Horse Farm Getaway,5,2015-07-13T00:00:00.000+0000,VRBO,2015-07-22T02:49:11.053+0000,Akron,OH
614976,30,20,Cathy B.,Absolutely Beautiful,5,2015-07-03T00:00:00.000+0000,VRBO,2015-07-12T15:16:52.157+0000,Akron,OH
614976,30,21,Dan B.,Amazing Place,5,2015-06-10T00:00:00.000+0000,VRBO,2015-06-17T14:05:46.023+0000,Akron,OH
614976,30,22,Nathan M.,Family Vacation,4,2015-05-27T00:00:00.000+0000,VRBO,2015-06-14T12:35:59.220+0000,Akron,OH
614976,30,23,rachel l.,Peaceful oasis outside of Cleveland,5,2015-05-22T00:00:00.000+0000,VRBO,2015-05-27T13:07:48.667+0000,Akron,OH
614976,30,24,Mohammed A.,Lovely place ,5,2015-05-16T00:00:00.000+0000,VRBO,2015-05-24T17:52:59.813+0000,Akron,OH
614976,30,25,Kevin H.,Great Winter Retreat,5,2015-02-13T00:00:00.000+0000,VRBO,2015-02-17T03:15:18.717+0000,Akron,OH
614976,30,26,J,Wonderful stay,5,2014-12-27T00:00:00.000+0000,VRBO,2014-12-30T11:49:11.707+0000,Akron,OH
614976,30,27,Joyce C.,"You'll love the quiet, pastoral setting . . . not to mention the hospitality of the owners.",5,2014-09-27T00:00:00.000+0000,VRBO,2014-10-01T00:58:24.010+0000,Akron,OH
614976,30,28,Rick and Tina Estep,Beautiful Setting and wonderful accommodations,5,2014-09-12T00:00:00.000+0000,VRBO,2014-09-14T16:13:54.730+0000,Akron,OH
614976,30,29,Hank & Erin,Perfect getaway!,5,2014-08-27T00:00:00.000+0000,VRBO,2014-09-04T01:06:03.547+0000,Akron,OH
614976,30,30,Lorrie V.,We will be back,5,2014-08-29T00:00:00.000+0000,VRBO,2014-09-02T22:53:01.283+0000,Akron,OH
604872,38,1,Andrea L.,Beautiful and very accomodating,5,2017-02-17T00:00:00.000+0000,VRBO,2017-02-22T18:26:00.000+0000,Akron,OH
604872,38,2,Lisa O.,Absolutely amazing! Modern amenities with historic charm.,5,2017-01-13T00:00:00.000+0000,VRBO,2017-01-16T03:56:00.000+0000,Akron,OH
604872,38,3,Carissa R.,An Incredible Place to Stay!,5,2016-12-30T00:00:00.000+0000,VRBO,2017-01-06T16:07:00.000+0000,Akron,OH
604872,38,4,Jolene M.,Great Girls Getaway,5,2016-12-02T00:00:00.000+0000,VRBO,2016-12-04T01:02:00.000+0000,Akron,OH
604872,38,5,GreggK,Great Thanksgiving Break!,5,2016-11-20T00:00:00.000+0000,VRBO,2016-12-02T14:37:00.000+0000,Akron,OH
604872,38,6,Laney,"A slice of history and comfortable, unique lodging in one!",5,2016-10-25T00:00:00.000+0000,VRBO,2016-11-13T16:16:17.497+0000,Akron,OH
604872,38,7,donna s.,Lovely place.,4,2016-11-04T00:00:00.000+0000,VRBO,2016-11-06T22:01:00.000+0000,Akron,OH
604872,38,8,shoeb a.,Living in a unique house and a museum at the same time.,5,2016-10-27T00:00:00.000+0000,VRBO,2016-11-01T01:30:00.000+0000,Akron,OH
604872,38,9,Michelle W.,Unique home- perfect for a large group,4,2016-09-08T00:00:00.000+0000,VRBO,2016-09-17T03:01:00.000+0000,Akron,OH
604872,38,10,Rachel H.,Lavishly accomodating & wonderful estate!,5,2016-08-05T00:00:00.000+0000,VRBO,2016-08-18T13:54:00.000+0000,Akron,OH
604872,38,11,Winifred C.,"Splendidly designed, comfortable building",5,2016-06-20T00:00:00.000+0000,VRBO,2016-07-05T05:40:00.000+0000,Akron,OH
604872,38,12,Cindy H.,The property sits in one of the greatest and overlooked national parks in America!,5,2016-05-25T00:00:00.000+0000,VRBO,2016-05-31T02:09:00.000+0000,Akron,OH
604872,38,13,Bonnie  F.,Very enjoyable – the house was amazing!,5,2016-04-24T00:00:00.000+0000,VRBO,2016-05-11T15:37:00.000+0000,Akron,OH
604872,38,14,Jim S.,One day and night in a house to remember!,5,2016-04-29T00:00:00.000+0000,VRBO,2016-05-02T01:18:00.000+0000,Akron,OH
604872,38,15,Deborah T.,Celebrating an 80th Birthday,4,2016-04-01T00:00:00.000+0000,VRBO,2016-04-17T02:26:00.000+0000,Akron,OH
604872,38,16,Joseph C.,"Amazing, A truly unique property",5,2016-01-07T00:00:00.000+0000,VRBO,2016-01-12T17:35:00.000+0000,Akron,OH
604872,38,17,Anonymous,This house is outstanding!,5,2015-12-30T00:00:00.000+0000,VRBO,2016-01-02T15:58:00.000+0000,Akron,OH
604872,38,18,Kaye M.,Awesome barn adventure,5,2015-12-02T00:00:00.000+0000,VRBO,2015-12-09T23:09:00.000+0000,Akron,OH
604872,38,19,Cheryl R.,Family Thanksgiving,5,2015-11-23T00:00:00.000+0000,VRBO,2015-12-01T18:55:35.897+0000,Akron,OH
604872,38,20,Anonymous,Wonderful Historical Barn Home,5,2015-10-31T00:00:00.000+0000,VRBO,2015-11-04T14:56:40.497+0000,Akron,OH
604872,38,21,Anonymous,A Fall Get-away,4,2015-10-22T00:00:00.000+0000,VRBO,2015-11-01T19:24:00.000+0000,Akron,OH
604872,38,22,Ann R.,Like staying in a museum!,5,2015-10-13T00:00:00.000+0000,VRBO,2015-10-21T22:18:43.093+0000,Akron,OH
604872,38,23,Diane B.,"Great meeting place for WI, PA and OH friends",5,2015-09-23T00:00:00.000+0000,VRBO,2015-09-29T21:40:41.700+0000,Akron,OH
604872,38,24,Katie,Truly unique home!,5,2015-08-21T00:00:00.000+0000,VRBO,2015-08-25T04:48:38.267+0000,Akron,OH
604872,38,25,brianne t.,Local bachelorette ,5,2015-08-21T00:00:00.000+0000,VRBO,2015-08-23T21:39:45.830+0000,Akron,OH
604872,38,26,Linda S.,Unforgettable,5,2015-08-07T00:00:00.000+0000,VRBO,2015-08-18T20:27:14.933+0000,Akron,OH
604872,38,27,Genevieve B.,Wedding party at designer barns & gardens,5,2015-07-31T00:00:00.000+0000,VRBO,2015-08-18T15:36:22.470+0000,Akron,OH
604872,38,28,Harman,Designer barn,5,2015-07-24T00:00:00.000+0000,VRBO,2015-08-06T22:00:27.970+0000,Akron,OH
604872,38,29,Harvey W.,Perfect Week,5,2015-07-14T00:00:00.000+0000,VRBO,2015-07-24T12:25:59.000+0000,Akron,OH
604872,38,30,Joe,Wonderful Vacation Living in the Heart of History,5,2015-03-13T00:00:00.000+0000,VRBO,2015-04-25T13:35:39.843+0000,Akron,OH
604872,38,31,Margie P.,Fantastic property ,5,2015-04-16T00:00:00.000+0000,VRBO,2015-04-22T20:55:00.000+0000,Akron,OH
604872,38,32,Anonymous,Pittenger family reunion,5,2015-04-16T00:00:00.000+0000,VRBO,2015-04-20T20:39:49.743+0000,Akron,OH
604872,38,33,Nancy P.,Unique location,4,2015-04-16T00:00:00.000+0000,VRBO,2015-04-19T21:17:00.000+0000,Akron,OH
604872,38,34,lois u.,Group Meeting,5,2015-04-02T00:00:00.000+0000,VRBO,2015-04-06T14:46:17.000+0000,Akron,OH
604872,38,35,Maria R.,Girls weekend,5,2015-01-16T00:00:00.000+0000,VRBO,2015-01-19T23:22:24.417+0000,Akron,OH
604872,38,36,"Star USA, Inc.",Work Retreat,5,2014-10-24T00:00:00.000+0000,VRBO,2014-11-05T13:41:09.060+0000,Akron,OH
604872,38,37,B H.,The most unique home we’ve ever stayed in.,5,2014-09-12T00:00:00.000+0000,VRBO,2014-09-28T21:33:40.717+0000,Akron,OH
604872,38,38,Dale,Amazing home with increadible staff,5,2014-07-01T00:00:00.000+0000,VRBO,2014-08-30T15:23:47.963+0000,Akron,OH
4276300ha,7,1,Gowri S.,Very nice living areas,5,2017-06-01T00:00:00.000+0000,VRBO,2017-06-07T16:55:00.000+0000,Akron,OH
4276300ha,7,2,Penny T.,Economical lodging -comfortable for a small group,4,2017-04-21T00:00:00.000+0000,VRBO,2017-04-29T11:20:00.000+0000,Akron,OH
4276300ha,7,3,Stephanie S.,Lovely!,5,2016-12-09T00:00:00.000+0000,VRBO,2016-12-11T14:07:00.000+0000,Akron,OH
4276300ha,7,4,Kelly,"Clean, Quiet, Affordable Country Setting Getaway",4,2016-11-11T00:00:00.000+0000,VRBO,2016-11-30T00:53:00.000+0000,Akron,OH
4276300ha,7,5,Matthew P.,"Quiet, secluded, plenty of room, comfortable, beautiful in the fall!",5,2016-11-04T00:00:00.000+0000,VRBO,2016-11-06T19:32:00.000+0000,Akron,OH
4276300ha,7,6,Beth B.,absolutely perfect!,5,2016-10-21T00:00:00.000+0000,VRBO,2016-10-24T11:18:00.000+0000,Akron,OH
4276300ha,7,7,Judy c.,The house was exactly as the pictures show. Quiet and relaxing.,5,2016-09-09T00:00:00.000+0000,VRBO,2016-09-14T00:17:00.000+0000,Akron,OH
740903,13,1,Lacey E.,Beautiful location and everything we needed.,5,2017-02-18T00:00:00.000+0000,VRBO,2017-02-20T15:04:00.000+0000,Akron,OH
740903,13,2,Sarah C.,Beautiful Lakehouse!,5,2016-08-26T00:00:00.000+0000,VRBO,2016-09-06T00:41:00.000+0000,Akron,OH
740903,13,3,Melissa M.,Beautiful lake house - Wonderful family vacation spot,5,2016-06-24T00:00:00.000+0000,VRBO,2016-07-01T11:53:00.000+0000,Akron,OH
740903,13,4,Jessica R.,great stay!,5,2016-06-09T00:00:00.000+0000,VRBO,2016-06-27T20:14:00.000+0000,Akron,OH
740903,13,5,Janet C.,Great Lake House with Spectacular Views,5,2016-06-01T00:00:00.000+0000,VRBO,2016-06-22T09:04:00.000+0000,Akron,OH
740903,13,6,Dave R,Best Weekend Ever,5,2016-06-10T00:00:00.000+0000,VRBO,2016-06-14T15:29:17.463+0000,Akron,OH
740903,13,7,Ron F.,Relaxing at the Lake,5,2015-12-22T00:00:00.000+0000,VRBO,2016-01-06T00:42:00.000+0000,Akron,OH
740903,13,8,Heidi C.,Californians Ohio stay,5,2015-10-01T00:00:00.000+0000,VRBO,2015-10-09T15:46:07.063+0000,Akron,OH
740903,13,9,Heidi  D.,Labor Day ,5,2015-09-05T00:00:00.000+0000,VRBO,2015-09-11T12:33:00.550+0000,Akron,OH
740903,13,10,Ashley M.,We will be back!,5,2015-08-29T00:00:00.000+0000,VRBO,2015-08-31T18:37:18.003+0000,Akron,OH
740903,13,11,Joe F,Beautiful place!,5,2015-08-14T00:00:00.000+0000,VRBO,2015-08-16T17:03:05.890+0000,Akron,OH
740903,13,12,jen s.,We can't wait to rent again!,5,2015-08-14T00:00:00.000+0000,VRBO,2015-08-16T16:27:32.413+0000,Akron,OH
740903,13,13,Cindy S.,Lakehouse review,5,2015-08-06T00:00:00.000+0000,VRBO,2015-08-10T18:43:39.233+0000,Akron,OH
4218100ha,5,1,Mary K.,"Beautiful, peaceful, serene, and wonderful!",5,2017-05-16T00:00:00.000+0000,VRBO,2017-05-23T16:39:00.000+0000,Akron,OH
4218100ha,5,2,KK,So Basic We Wouldn't Stay Again,2,2016-08-20T00:00:00.000+0000,VRBO,2016-08-28T21:50:55.713+0000,Akron,OH
4218100ha,5,3,Dawna B.,"Relaxing, comfortable, homelike",4,2016-07-24T00:00:00.000+0000,VRBO,2016-08-01T13:20:00.000+0000,Akron,OH
4218100ha,5,4,Corrine S.,Peaceful Stay,5,2016-07-17T00:00:00.000+0000,VRBO,2016-07-26T02:27:00.000+0000,Akron,OH
4218100ha,5,5,Nichole B.,Beautiful and Friendly,5,2016-06-21T00:00:00.000+0000,VRBO,2016-06-28T15:16:00.000+0000,Akron,OH
953326ha,12,1,Michael,Charming country home.,4,2017-04-18T00:00:00.000+0000,VRBO,2017-04-23T21:39:00.000+0000,Akron,OH
953326ha,12,2,Anonymous,Spacious old farm house in great location,3,2017-04-07T00:00:00.000+0000,VRBO,2017-04-09T15:33:00.000+0000,Akron,OH
953326ha,12,3,Jason I.,"Well located, yet secluded!",5,2016-10-05T00:00:00.000+0000,VRBO,2016-10-12T13:30:00.000+0000,Akron,OH
953326ha,12,4,Chet P.,very good,4,2016-05-18T00:00:00.000+0000,VRBO,2016-06-03T00:05:00.000+0000,Akron,OH
953326ha,12,5,Penelope F.,A Great home away from home!  ,5,2016-01-29T00:00:00.000+0000,VRBO,2016-04-06T02:04:32.790+0000,Akron,OH
953326ha,12,6,Anonymous,Charming Farmhouse,5,2015-04-23T00:00:00.000+0000,VRBO,2015-04-30T00:14:16.667+0000,Akron,OH
953326ha,12,7,Maryellen K.,Good Location & Potential but NOT a Home Away,1,2015-03-25T00:00:00.000+0000,VRBO,2015-04-03T20:16:51.470+0000,Akron,OH
953326ha,12,8,OR_Lynn,Cozy Home - Great for Groups!,4,2013-08-22T00:00:00.000+0000,VRBO,2013-11-13T18:27:19.103+0000,Akron,OH
953326ha,12,9,Thomas K.,Not impressed,2,2013-06-14T00:00:00.000+0000,VRBO,2013-06-23T15:13:06.677+0000,Akron,OH
953326ha,12,10,Pamela,Great House in a Great Location,5,2013-05-19T00:00:00.000+0000,VRBO,2013-05-27T16:23:23.363+0000,Akron,OH
953326ha,12,11,Marian N.,Excellent location,4,2012-09-14T00:00:00.000+0000,VRBO,2012-10-11T10:45:52.813+0000,Akron,OH
953326ha,12,12,Samantha C.,Fabulous house!,4,2012-05-28T00:00:00.000+0000,VRBO,2012-05-31T14:30:27.330+0000,Akron,OH
4151727ha,5,1,Michele E.,"Good, comfortable place to gather as a family.",4,2016-11-23T00:00:00.000+0000,VRBO,2016-11-30T14:58:00.000+0000,Akron,OH
4151727ha,5,2,Talle K.,AWESOME!,5,2016-10-20T00:00:00.000+0000,VRBO,2016-10-28T03:11:00.000+0000,Akron,OH
4151727ha,5,3,Greg M.,Amazing! Serene!,5,2016-08-30T00:00:00.000+0000,VRBO,2016-09-06T17:30:00.000+0000,Akron,OH
4151727ha,5,4,Nancy B.,"Comfy, secluded, country home",4,2016-07-14T00:00:00.000+0000,VRBO,2016-07-27T23:26:19.657+0000,Akron,OH
4151727ha,5,5,Teresa C.,Exactly what we were looking for!,5,2016-05-01T00:00:00.000+0000,VRBO,2016-05-19T23:54:00.000+0000,Akron,OH
796575,6,1,Doug W.,"Excellent and interesting, perfect location",5,2017-04-21T00:00:00.000+0000,VRBO,2017-04-28T22:26:00.000+0000,Akron,OH
796575,6,2,Kami B.,Quaint and convenient,3,2017-04-18T00:00:00.000+0000,VRBO,2017-04-20T15:13:00.000+0000,Akron,OH
796575,6,3,Robert K.,Another perfect stay,5,2017-04-02T00:00:00.000+0000,VRBO,2017-04-10T21:18:00.000+0000,Akron,OH
796575,6,4,Robert K.,What a great home and location!,5,2016-12-03T00:00:00.000+0000,VRBO,2016-12-12T21:21:00.000+0000,Akron,OH
796575,6,5,Don F.,Gorgeous home right on the Cuyahoga River in Peninsula.,5,2016-10-14T00:00:00.000+0000,VRBO,2016-10-18T06:06:00.000+0000,Akron,OH
796575,6,6,Cate S.,"Beautiful, historical building in a convenient location.",4,2016-08-01T00:00:00.000+0000,VRBO,2016-08-18T01:19:00.000+0000,Akron,OH
894727,1,1,Bob M.,Everything we wanted and more!,5,2017-05-11T00:00:00.000+0000,VRBO,2017-05-15T13:12:00.000+0000,Akron,OH
663243,13,1,Kerri M.,Beautiful setting,5,2017-03-31T00:00:00.000+0000,VRBO,2017-04-02T12:31:00.000+0000,Akron,OH
663243,13,2,Harold W.,"Quiet, Quaint, & Quintessential",5,2017-02-17T00:00:00.000+0000,VRBO,2017-03-21T14:01:00.000+0000,Akron,OH
663243,13,3,Mike,Great Property,5,2016-10-21T00:00:00.000+0000,VRBO,2016-10-23T21:14:00.000+0000,Akron,OH
663243,13,4,Darci M.,Heritage Farms - a hidden gem...definitely recommended!,5,2016-10-12T00:00:00.000+0000,VRBO,2016-10-16T21:16:00.000+0000,Akron,OH
663243,13,5,Brian T.,"Relaxing stay and a wonderful ""baby-moon"" at Heritage Farms!",5,2016-09-03T00:00:00.000+0000,VRBO,2016-09-13T02:23:00.000+0000,Akron,OH
663243,13,6,Natalie,"Clean, cozy cottage!",5,2016-02-18T00:00:00.000+0000,VRBO,2016-02-22T19:43:00.000+0000,Akron,OH
663243,13,7,Lora D.,Perfect getaway,5,2015-10-15T00:00:00.000+0000,VRBO,2015-10-24T21:22:00.000+0000,Akron,OH
663243,13,8,Scott H.,Relax and Enjoy,5,2015-08-20T00:00:00.000+0000,VRBO,2015-09-05T02:26:51.480+0000,Akron,OH
663243,13,9,Jamie S.,Jamie,5,2015-08-07T00:00:00.000+0000,VRBO,2015-08-17T22:04:09.853+0000,Akron,OH
663243,13,10,Brian,Great Experience exploring Cuyahoga.,5,2015-07-16T00:00:00.000+0000,VRBO,2015-08-01T20:09:46.350+0000,Akron,OH
663243,13,11,Paul and Pat,Perfect location and setting,5,2015-07-25T00:00:00.000+0000,VRBO,2015-08-01T14:05:08.530+0000,Akron,OH
663243,13,12,Mrs. Fast,Perfect location,4,2015-05-23T00:00:00.000+0000,VRBO,2015-06-02T16:09:30.867+0000,Akron,OH
663243,13,13,FiddleCat,Relaxing Stay in the heart of the Cuyahoga Valley,4,2015-05-13T00:00:00.000+0000,VRBO,2015-05-18T12:42:14.323+0000,Akron,OH
439371,13,1,Jennifer W.,Perfect House with Everything You Need,5,2017-05-24T00:00:00.000+0000,VRBO,2017-06-04T23:22:00.000+0000,Akron,OH
439371,13,2,Karen  G.,Adorable house in an IDEAL Canton location!,5,2016-12-17T00:00:00.000+0000,VRBO,2017-01-23T16:47:52.873+0000,Akron,OH
439371,13,3,Olwen W.,It feels like coming home,4,2016-06-16T00:00:00.000+0000,VRBO,2016-07-11T21:05:00.000+0000,Akron,OH
439371,13,4,Ivan R.,A lovely place to stay.,5,2015-09-16T00:00:00.000+0000,VRBO,2015-11-10T17:07:06.137+0000,Akron,OH
439371,13,5,Bob G.,Bob G,5,2015-06-25T00:00:00.000+0000,VRBO,2015-09-21T21:27:08.837+0000,Akron,OH
439371,13,6,Olwen W.,A home away from home,4,2015-06-11T00:00:00.000+0000,VRBO,2015-07-13T20:18:21.917+0000,Akron,OH
439371,13,7,Ron,ron,3,2014-08-12T00:00:00.000+0000,VRBO,2014-09-06T18:40:16.477+0000,Akron,OH
439371,13,8,desert dwellers,Home away from home,5,2014-08-04T00:00:00.000+0000,VRBO,2014-08-13T19:25:57.770+0000,Akron,OH
439371,13,9,City Dweller/Country Enthusiast,A Perfect Home-Away from Home,5,2014-05-31T00:00:00.000+0000,VRBO,2014-06-16T22:56:49.093+0000,Akron,OH
439371,13,10,Law Student,Everything you need!,5,2013-12-14T00:00:00.000+0000,VRBO,2014-03-27T21:35:30.610+0000,Akron,OH
439371,13,11,Lou,Lou and Jim,5,2013-05-18T00:00:00.000+0000,VRBO,2013-08-09T18:00:39.147+0000,Akron,OH
439371,13,12,Andy,A short visi in a perfect place,5,2013-03-15T00:00:00.000+0000,VRBO,2013-04-12T22:22:36.427+0000,Akron,OH
439371,13,13,Jazzy,Great place to stay,5,2012-10-04T00:00:00.000+0000,VRBO,2012-11-13T21:50:04.180+0000,Akron,OH
1003070,2,1,Rakesh R.,Awesome location and stay,5,2017-05-26T00:00:00.000+0000,VRBO,2017-05-30T13:45:00.000+0000,Akron,OH
1003070,2,2,Mark E.,As advertised!,5,2017-05-12T00:00:00.000+0000,VRBO,2017-05-22T21:20:00.000+0000,Akron,OH
3791742ha,25,1,Jan F.,Relaxing Thanksgiving,5,2016-11-23T00:00:00.000+0000,VRBO,2016-11-26T23:28:00.000+0000,Akron,OH
3791742ha,25,2,Barbara,Portage Lakes. Mihelic,5,2016-10-31T00:00:00.000+0000,VRBO,2016-11-03T12:49:00.000+0000,Akron,OH
3791742ha,25,3,Vera H.,Beautiful house,5,2016-09-16T00:00:00.000+0000,VRBO,2016-10-06T17:07:26.803+0000,Akron,OH
3791742ha,25,4,Stella K.,Relaxing Getaway,5,2016-07-21T00:00:00.000+0000,VRBO,2016-08-09T14:16:00.000+0000,Akron,OH
3791742ha,25,5,Dawn L.,"Beautiful, relaxing, and family friendly!",5,2016-07-10T00:00:00.000+0000,VRBO,2016-07-20T21:09:00.000+0000,Akron,OH
3791742ha,25,6,Maria M.,The house was beautiful and the view of all the wild life and the lake was amazing. Very calming .,5,2016-07-04T00:00:00.000+0000,VRBO,2016-07-12T14:23:00.000+0000,Akron,OH
3791742ha,25,7,Jay S.,Enjoyed it,5,2016-06-26T00:00:00.000+0000,VRBO,2016-07-03T14:33:00.000+0000,Akron,OH
3791742ha,25,8,Cindy H.,We Enjoyed Our Visit,4,2016-06-24T00:00:00.000+0000,VRBO,2016-07-01T18:18:00.000+0000,Akron,OH
3791742ha,25,9,Anita W.,"Lovely home, quiet setting, perfect for families!",5,2016-06-10T00:00:00.000+0000,VRBO,2016-06-20T16:46:00.000+0000,Akron,OH
3791742ha,25,10,Stephanie J.,We will be going back!!!!,5,2016-05-25T00:00:00.000+0000,VRBO,2016-06-09T00:31:00.000+0000,Akron,OH
3791742ha,25,11,nate  W.,Wonderful relaxing vacation.,5,2016-05-18T00:00:00.000+0000,VRBO,2016-05-25T03:17:00.000+0000,Akron,OH
3791742ha,25,12,nate  W.,Very relaxing vacation.,5,2016-05-18T00:00:00.000+0000,VRBO,2016-05-23T06:55:44.670+0000,Akron,OH
3791742ha,25,13,Marilyn A.,More than expected! Wonderful experience,5,2016-03-20T00:00:00.000+0000,VRBO,2016-04-02T01:41:00.000+0000,Akron,OH
3791742ha,25,14,John  G.,Weekend in Akron.,4,2015-09-23T00:00:00.000+0000,VRBO,2015-09-30T12:58:00.000+0000,Akron,OH
3791742ha,25,15,Janet S.,"Quiet, Relaxing Retreat with a View",5,2015-08-17T00:00:00.000+0000,VRBO,2015-09-09T01:14:27.937+0000,Akron,OH
3791742ha,25,16,Amy S.,Lovely apartment to celebrate graduation,5,2015-08-14T00:00:00.000+0000,VRBO,2015-08-31T16:30:58.320+0000,Akron,OH
3791742ha,25,17,MaryAnn H.,Very clean and very roomy!,5,2015-07-12T00:00:00.000+0000,VRBO,2015-07-22T23:15:02.017+0000,Akron,OH
3791742ha,25,18,Kent B.,"Beautiful, Quite, Peaceful, Well Maintained.",4,2015-07-02T00:00:00.000+0000,VRBO,2015-07-10T13:03:28.670+0000,Akron,OH
3791742ha,25,19,Anonymous,"It was perfect for us, clean and comfortable.",5,2015-06-11T00:00:00.000+0000,VRBO,2015-06-16T11:49:01.343+0000,Akron,OH
3791742ha,25,20,Vivian M.,Relaxing family retreat on Portage Lakes,5,2015-05-23T00:00:00.000+0000,VRBO,2015-05-26T17:09:34.480+0000,Akron,OH
3791742ha,25,21,Marisa C.,stay for  The  Rock and Roll Hall of  Fame!,4,2015-05-16T00:00:00.000+0000,VRBO,2015-05-20T18:02:31.167+0000,Akron,OH
3791742ha,25,22,Jocelyn W.,Beautiful Portage Lakes Home,5,2015-05-08T00:00:00.000+0000,VRBO,2015-05-18T15:09:37.327+0000,Akron,OH
3791742ha,25,23,Bernadette T.,Lovely Downstairs Suite with Tons of Room,5,2014-12-26T00:00:00.000+0000,VRBO,2015-01-11T07:46:08.953+0000,Akron,OH
3791742ha,25,24,Robin H.,Beautiful Home,4,2014-12-22T00:00:00.000+0000,VRBO,2015-01-04T01:31:00.000+0000,Akron,OH
3791742ha,25,25,Heidi W.,Exactly what we were looking for,4,2014-08-16T00:00:00.000+0000,VRBO,2014-09-06T15:19:55.863+0000,Akron,OH
608564,1,1,Angele V.,Our Stay on Portage Lakes,5,2016-07-08T00:00:00.000+0000,VRBO,2016-07-22T16:13:00.000+0000,Akron,OH
394344,13,1,Gaye L.,Awesome!,5,2014-06-05T00:00:00.000+0000,VRBO,2014-06-12T17:45:15.597+0000,Akron,OH
394344,13,2,Anonymous,PERFECT for our retreat/gathering!,5,2014-05-20T00:00:00.000+0000,VRBO,2014-06-02T16:53:31.093+0000,Akron,OH
394344,13,3,Marty,"Wonderful, reasonably priced historic home",5,2013-09-02T00:00:00.000+0000,VRBO,2013-12-30T16:28:06.270+0000,Akron,OH
394344,13,4,Family Man,Family Reunion,4,2013-06-21T00:00:00.000+0000,VRBO,2013-11-12T22:34:09.297+0000,Akron,OH
394344,13,5,ZomMac,This is America!,5,2013-11-02T00:00:00.000+0000,VRBO,2013-11-04T10:44:03.040+0000,Akron,OH
394344,13,6,park hopper,nice place,5,2013-08-31T00:00:00.000+0000,VRBO,2013-10-31T18:33:04.990+0000,Akron,OH
394344,13,7,Robert N.,Great Location and Accomodations to Explore the Ohio to Erie Bike Trail,5,2013-06-18T00:00:00.000+0000,VRBO,2013-10-31T17:26:46.837+0000,Akron,OH
394344,13,8,Carndt182,"Quaint, Clean, everything I imagined and more!",5,2013-08-31T00:00:00.000+0000,VRBO,2013-10-31T16:33:29.190+0000,Akron,OH
394344,13,9,youcantmakemeuseanickname,Pleasant suprise ,5,2013-08-26T00:00:00.000+0000,VRBO,2013-10-31T15:45:05.377+0000,Akron,OH
394344,13,10,Steve,Stanford House experience,5,2013-09-28T00:00:00.000+0000,VRBO,2013-10-31T15:19:11.027+0000,Akron,OH
394344,13,11,Plein Air Artist,Fun place to stay!,5,2013-07-09T00:00:00.000+0000,VRBO,2013-10-31T15:14:35.093+0000,Akron,OH
394344,13,12,Sara,"Wonderful experience, highly recommend",5,2013-08-15T00:00:00.000+0000,VRBO,2013-10-31T14:24:23.853+0000,Akron,OH
394344,13,13,Hung,Awesome family vacation!,5,2013-10-21T00:00:00.000+0000,VRBO,2013-10-30T03:02:15.443+0000,Akron,OH
490685,10,1,Scott M.,The Cabin's name is so appropriate!!,5,2016-06-16T00:00:00.000+0000,VRBO,2016-06-23T00:52:00.450+0000,Akron,OH
490685,10,2,Lisa H.,Amazing,5,2015-09-03T00:00:00.000+0000,VRBO,2015-09-09T17:36:39.613+0000,Akron,OH
490685,10,3,jk40,family time,4,2015-07-26T00:00:00.000+0000,VRBO,2015-08-04T18:00:20.437+0000,Akron,OH
490685,10,4,Sarah P.,Excellent place for a large family,5,2014-08-17T00:00:00.000+0000,VRBO,2014-09-04T13:17:51.880+0000,Akron,OH
490685,10,5,nikki s.,Amazingly beautiful with all the comforts of home!,5,2014-04-05T00:00:00.000+0000,VRBO,2014-04-09T14:22:18.627+0000,Akron,OH
490685,10,6,Anonymous,Awesome property,5,2013-09-06T00:00:00.000+0000,VRBO,2013-12-26T20:43:20.693+0000,Akron,OH
490685,10,7,Myrtle,Beautiful Escape,5,2013-11-08T00:00:00.000+0000,VRBO,2013-11-18T00:59:00.513+0000,Akron,OH
490685,10,8,"Green, Ohio",Peaceful and Serene Setting,5,2013-10-25T00:00:00.000+0000,VRBO,2013-11-06T00:38:11.423+0000,Akron,OH
490685,10,9,Murrell H.,"Beautiful, Cozy, Fun, and a Place with Lots of Close By Activities",5,2013-10-11T00:00:00.000+0000,VRBO,2013-11-05T13:07:03.777+0000,Akron,OH
490685,10,10,Fun Seekers ,Great time at this home!,5,2013-10-11T00:00:00.000+0000,VRBO,2013-11-04T22:01:21.767+0000,Akron,OH
