listing_id,total_number_reviews,n_review,reviewer_name,title,stars,stayed,source,submitted
3597231ha,41,1,Florinda R.,Excellent,5,2017-05-15T00:00:00.000+0000,VRBO,2017-05-22T12:28:00.000+0000
3597231ha,41,2,Laura L.,"Lovely, quiet, comfortable retreat!",5,2017-02-07T00:00:00.000+0000,VRBO,2017-02-21T12:49:00.000+0000
3597231ha,41,3,Karie W.,amazing!!,5,2017-01-13T00:00:00.000+0000,VRBO,2017-01-27T13:58:00.000+0000
3597231ha,41,4,ekaterina l.,Great clean house,5,2017-01-05T00:00:00.000+0000,VRBO,2017-01-09T03:50:00.000+0000
3597231ha,41,5,Jane E.,Perfect getaway in beautiful location,5,2016-11-18T00:00:00.000+0000,VRBO,2016-11-21T15:55:00.000+0000
3597231ha,41,6,Stefanie M.,Perfect for a quiet getaway,5,2016-10-07T00:00:00.000+0000,VRBO,2016-10-12T17:56:03.860+0000
3597231ha,41,7,Artur R.,Second time staying,5,2016-10-01T00:00:00.000+0000,VRBO,2016-10-04T17:17:00.000+0000
3597231ha,41,8,Mitch & Melissa A.,Relaxing and comfortable!,5,2016-09-12T00:00:00.000+0000,VRBO,2016-10-03T15:00:00.000+0000
3597231ha,41,9,Molly C.,Wonderful relaxing weekend at a peaceful lake!,4,2016-09-17T00:00:00.000+0000,VRBO,2016-09-19T17:19:00.000+0000
3597231ha,41,10,PAUL D.,very quiet & cozy lake front getaway...,5,2016-09-01T00:00:00.000+0000,VRBO,2016-09-14T22:27:00.000+0000
3597231ha,41,11,Barbara S.,"Such a lovely, peaceful spot and a lovely home!",5,2016-09-05T00:00:00.000+0000,VRBO,2016-09-12T14:23:00.000+0000
3597231ha,41,12,Benny Z.,What a wonderful cottage and peaceful getaway,5,2016-08-26T00:00:00.000+0000,VRBO,2016-09-02T01:53:00.000+0000
3597231ha,41,13,jeanne h.,Wonderful relaxing vacation!,4,2016-08-13T00:00:00.000+0000,VRBO,2016-08-31T11:27:00.000+0000
3597231ha,41,14,Nasanna  L.,Fully equipped and gorgeous house,5,2016-08-20T00:00:00.000+0000,VRBO,2016-08-24T14:31:40.243+0000
3597231ha,41,15,Robert M.,Wonderful home.,5,2016-08-06T00:00:00.000+0000,VRBO,2016-08-14T14:12:00.000+0000
3597231ha,41,16,Ronald H.,Enjoyable visit,4,2016-07-28T00:00:00.000+0000,VRBO,2016-08-08T01:11:00.000+0000
3597231ha,41,17,Scarlett D.,Beautiful Property,5,2016-07-17T00:00:00.000+0000,VRBO,2016-07-23T11:40:00.000+0000
3597231ha,41,18,Terry & Lynn W.,Very nice quaint vacation property.,4,2016-07-09T00:00:00.000+0000,VRBO,2016-07-22T02:19:00.000+0000
3597231ha,41,19,Carmen,Another great stay at this lakefront getaway,5,2016-05-26T00:00:00.000+0000,VRBO,2016-06-22T13:12:10.857+0000
3597231ha,41,20,Carmen S.,Again a supernice stay at this great lakefront getaway,5,2016-05-26T00:00:00.000+0000,VRBO,2016-06-13T10:56:00.000+0000
3597231ha,41,21,Martha R.,Property is clean and well kept. The setting on a small lake community is tranquil.,5,2016-05-18T00:00:00.000+0000,VRBO,2016-05-24T07:09:00.000+0000
3597231ha,41,22,Two Weary Travelers,Serene Lake House,5,2016-04-14T00:00:00.000+0000,VRBO,2016-04-20T20:10:00.000+0000
3597231ha,41,23,Karen M.,Perfect for a family of 4!,5,2016-04-05T00:00:00.000+0000,VRBO,2016-04-11T14:49:00.000+0000
3597231ha,41,24,Angela C.,Fantastic lake retreat--highly recommend!,5,2015-11-29T00:00:00.000+0000,VRBO,2016-03-01T18:01:00.000+0000
3597231ha,41,25,jackie b.,Very relaxing ,5,2015-10-18T00:00:00.000+0000,VRBO,2015-10-23T10:31:18.397+0000
3597231ha,41,26,Curt A.,Tranquil setting with wonderful accomodations,5,2015-10-09T00:00:00.000+0000,VRBO,2015-10-13T17:58:10.870+0000
3597231ha,41,27,Tammy Y.,Perfect location,5,2015-09-20T00:00:00.000+0000,VRBO,2015-10-04T16:21:55.760+0000
3597231ha,41,28,Meredith L.,"Lovely home, tranquil setting",5,2015-09-23T00:00:00.000+0000,VRBO,2015-09-30T12:17:00.000+0000
3597231ha,41,29,Tammy Y.,Great fall getaway,5,2015-09-20T00:00:00.000+0000,VRBO,2015-09-26T12:26:11.383+0000
3597231ha,41,30,crystal r.,relaxing,5,2015-09-04T00:00:00.000+0000,VRBO,2015-09-15T21:07:07.900+0000
3597231ha,41,31,Kathleen L.,Beautiful Lakefront House!,5,2015-08-06T00:00:00.000+0000,VRBO,2015-08-11T15:55:48.680+0000
3597231ha,41,32,John B.,Wonderful place to stay! Will be back,5,2015-07-31T00:00:00.000+0000,VRBO,2015-08-11T14:16:33.440+0000
3597231ha,41,33,Natasha D.,Lovely home even better view!,5,2015-05-13T00:00:00.000+0000,VRBO,2015-05-31T15:10:41.490+0000
3597231ha,41,34,Jean L.,The pictures don't do this property justice!,5,2014-08-29T00:00:00.000+0000,VRBO,2014-09-05T01:17:30.637+0000
3597231ha,41,35,Caitlin R.,Perfect getaway from it all! ,5,2014-05-01T00:00:00.000+0000,VRBO,2014-05-09T06:08:52.670+0000
3597231ha,41,36,lisa b.,"A comfy, cozy and delightful home!",5,2013-12-07T00:00:00.000+0000,VRBO,2014-05-02T18:41:24.777+0000
3597231ha,41,37,Hannah C.,Perfect setting for our family vacation!,5,2013-10-11T00:00:00.000+0000,VRBO,2014-04-30T23:00:56.897+0000
3597231ha,41,38,paul G.,It was very relaxing to be here!,5,2013-09-28T00:00:00.000+0000,VRBO,2014-04-23T23:42:54.710+0000
3597231ha,41,39,olga s.,Loved our stay here! Will return next year.,5,2013-08-31T00:00:00.000+0000,VRBO,2014-04-17T19:47:05.747+0000
3597231ha,41,40,Marcy M.,Beautiful Decor/Accommodations!,5,2013-08-15T00:00:00.000+0000,VRBO,2014-04-17T19:29:49.180+0000
3597231ha,41,41,Sarah S.,"Awesome Views, Peaceful, A must repeate",5,2013-08-01T00:00:00.000+0000,VRBO,2013-08-16T03:59:16.463+0000
594844,11,1,Daniel P.,Secluded and well appointed!,4,2016-12-08T00:00:00.000+0000,VRBO,2016-12-12T01:18:00.000+0000
594844,11,2,Michal R.,Loved the Ice House and Highland Lake,4,2016-09-10T00:00:00.000+0000,VRBO,2016-09-17T22:51:00.000+0000
594844,11,3,James & Claudette M.,House in the woods,3,2016-08-21T00:00:00.000+0000,VRBO,2016-09-11T22:23:00.000+0000
594844,11,4,Галина М.,Perfect for family with children 4 years and older,5,2016-07-17T00:00:00.000+0000,VRBO,2016-07-27T21:00:00.000+0000
594844,11,5,Michele,Solace and Celebration ,5,2016-04-14T00:00:00.000+0000,VRBO,2016-05-01T00:16:03.697+0000
594844,11,6,Bill P.,Hiking Vacation,5,2015-09-17T00:00:00.000+0000,VRBO,2015-10-13T14:30:43.280+0000
594844,11,7,Kita,"Great scenery, cool features",3,2014-10-08T00:00:00.000+0000,VRBO,2014-10-22T19:11:24.570+0000
594844,11,8,Barb,Active fall weekend ,5,2014-10-15T00:00:00.000+0000,VRBO,2014-10-20T22:05:07.267+0000
594844,11,9,Heather A.,Perfect family getaway!,5,2014-08-24T00:00:00.000+0000,VRBO,2014-09-04T20:16:50.803+0000
594844,11,10,PJ,Quaint and private cottage in the woods,4,2014-08-03T00:00:00.000+0000,VRBO,2014-08-14T22:04:37.183+0000
594844,11,11,Margaret,"Restorative, tranquil and loads of fun!!",5,2013-07-14T00:00:00.000+0000,VRBO,2014-06-04T01:16:25.007+0000
4231080ha,4,1,Lisa H.,"Charming, quiet, peaceful lakefront escape off season",5,2017-05-17T00:00:00.000+0000,VRBO,2017-05-20T22:43:00.000+0000
4231080ha,4,2,Oleh F.,Great experience,5,2016-12-30T00:00:00.000+0000,VRBO,2017-01-01T16:40:00.000+0000
4231080ha,4,3,Julie S.,Charming and cozy cottage over thanksgiving,5,2016-11-23T00:00:00.000+0000,VRBO,2016-11-26T13:01:00.000+0000
4231080ha,4,4,David K.,"Beautiful Location, Gracious and Enthusiastic Host!",5,2016-09-22T00:00:00.000+0000,VRBO,2016-09-26T18:56:00.000+0000
997342ha,10,1,George G.,Great family retreat. Great location,4,2016-11-22T00:00:00.000+0000,VRBO,2016-11-27T01:18:00.000+0000
997342ha,10,2,Janice I.,Place was beautiful and clean,4,2016-08-06T00:00:00.000+0000,VRBO,2016-08-13T18:47:00.000+0000
997342ha,10,3,Terri K.,We loved our vacation!,5,2015-09-01T00:00:00.000+0000,VRBO,2015-09-18T16:23:24.867+0000
997342ha,10,4,Kimberly W.,Best lake spot,5,2015-07-01T00:00:00.000+0000,VRBO,2015-07-06T16:14:34.117+0000
997342ha,10,5,deborah n.,Peaceful Winter Escape,5,2014-12-27T00:00:00.000+0000,VRBO,2015-01-17T15:53:52.850+0000
997342ha,10,6,carolform,Lakefront Stunner,5,2014-08-28T00:00:00.000+0000,VRBO,2014-09-08T22:01:07.077+0000
997342ha,10,7,Kyle B.,Top-Notch Lake House!!,5,2013-09-27T00:00:00.000+0000,VRBO,2013-09-30T16:58:39.653+0000
997342ha,10,8,Maria B.,Just Perfect,5,2012-09-09T00:00:00.000+0000,VRBO,2012-09-25T14:52:31.250+0000
997342ha,10,9,Georgianna S.,Mr& Mrs Seidell,3,2012-07-14T00:00:00.000+0000,VRBO,2012-08-06T19:08:16.017+0000
997342ha,10,10,sheila c.,Beautiful and luxurious place,5,2012-06-24T00:00:00.000+0000,VRBO,2012-07-02T17:59:30.377+0000
299027,4,1,elena e.,From Great Neck with gratitude,5,2013-06-29T00:00:00.000+0000,VRBO,2013-09-10T16:57:17.140+0000
299027,4,2,Jay,Summer Vacation House,5,2012-08-01T00:00:00.000+0000,VRBO,2013-01-20T22:30:29.233+0000
299027,4,3,Sue and Ed,Sue and Ed From Mo.,5,2011-08-29T00:00:00.000+0000,VRBO,2012-01-14T00:10:50.863+0000
299027,4,4,SFR,Great value in CT,4,2009-07-01T00:00:00.000+0000,VRBO,2010-08-28T20:30:00.257+0000
3011802ha,14,1,Anonymous,Rustic Country Weekend,4,2017-03-31T00:00:00.000+0000,VRBO,2017-04-03T18:28:00.000+0000
3011802ha,14,2,Lisa B.,Perfect for Us!,5,2017-03-01T00:00:00.000+0000,VRBO,2017-03-19T09:28:00.000+0000
3011802ha,14,3,Melky,"Great house, we loved it",5,2016-11-23T00:00:00.000+0000,VRBO,2016-11-29T04:58:00.000+0000
3011802ha,14,4,Ellen C.,"Spectacular setting, comfortable renovated barn suitable for family reunions",4,2016-08-27T00:00:00.000+0000,VRBO,2016-09-08T00:09:00.000+0000
3011802ha,14,5,Joyce G.,Beautiful views and peaceful nights!,5,2016-07-30T00:00:00.000+0000,VRBO,2016-08-06T22:39:00.000+0000
3011802ha,14,6,romane g.,"Huge space, full of charm",5,2015-10-02T00:00:00.000+0000,VRBO,2015-10-06T02:48:37.953+0000
3011802ha,14,7,Patrick D.,Wonderful location with a unique character filled facility,5,2015-09-17T00:00:00.000+0000,VRBO,2015-10-04T17:55:00.000+0000
3011802ha,14,8,Sara S.,Delightful!,5,2014-09-26T00:00:00.000+0000,VRBO,2014-09-30T13:46:44.843+0000
3011802ha,14,9,Cathy,Relaxing and Spacious,4,2014-09-15T00:00:00.000+0000,VRBO,2014-09-26T16:37:24.677+0000
3011802ha,14,10,Teams Group,New England Charm,4,2014-09-09T00:00:00.000+0000,VRBO,2014-09-20T23:08:30.563+0000
3011802ha,14,11,romane g.,Our best rental for a week end out of New York,5,2014-09-12T00:00:00.000+0000,VRBO,2014-09-16T00:56:51.097+0000
3011802ha,14,12,Amanda A.,Wedding Perfection!,5,2014-08-20T00:00:00.000+0000,VRBO,2014-09-10T13:08:44.473+0000
3011802ha,14,13,Craig D.,"bad experience, not worth the money",2,2014-07-18T00:00:00.000+0000,VRBO,2014-07-29T10:47:23.697+0000
3011802ha,14,14,Josh W.,Relaxing weekend retreat,5,2012-07-04T00:00:00.000+0000,VRBO,2012-07-09T17:56:57.077+0000
585115,9,1,Tina N.,Great house and location.,5,2017-01-06T00:00:00.000+0000,VRBO,2017-03-14T14:18:00.000+0000
585115,9,2,David C.,"Beautiful, modern and secluded",5,2016-10-28T00:00:00.000+0000,VRBO,2016-11-01T12:34:00.000+0000
585115,9,3,Carolina D.,Amazing,5,2016-08-27T00:00:00.000+0000,VRBO,2016-08-31T22:33:00.000+0000
585115,9,4,Anonymous,Disgruntled Renter The house is nice the pool is much smaller than picture,2,2016-07-10T00:00:00.000+0000,VRBO,2016-08-04T16:39:00.000+0000
585115,9,5,Sonia R.,AMAZING!,5,2016-05-27T00:00:00.000+0000,VRBO,2016-06-04T16:42:00.000+0000
585115,9,6,Priscila N.,"Charming, cozy and soooo relaxing!",5,2015-12-30T00:00:00.000+0000,VRBO,2016-01-03T03:37:35.747+0000
585115,9,7,KJP,Rural Utopia,5,2014-09-06T00:00:00.000+0000,VRBO,2014-10-01T17:45:12.937+0000
585115,9,8,Lydia Z.,Perfect relaxing summer vacation at this beautiful home with amazing views and awesome pool!,5,2014-08-09T00:00:00.000+0000,VRBO,2014-09-16T15:01:03.400+0000
585115,9,9,Uncomfortable renter ,Uncomfortable renter,2,2014-08-18T00:00:00.000+0000,VRBO,2014-09-09T20:02:41.750+0000
4153303ha,5,1,Robert C.,Second wonderful stay!,5,2017-05-25T00:00:00.000+0000,VRBO,2017-05-28T12:24:00.000+0000
4153303ha,5,2,Dinesh Reddy P.,Excellent!!,5,2017-04-22T00:00:00.000+0000,VRBO,2017-04-24T14:39:00.000+0000
4153303ha,5,3,KELLY O.,"If you're looking for a quiet get away, tucked back in the woods, this place is great.",5,2016-10-07T00:00:00.000+0000,VRBO,2016-10-21T20:22:00.000+0000
4153303ha,5,4,Pedro A.,Great getaway Cabin,5,2016-09-30T00:00:00.000+0000,VRBO,2016-10-04T15:51:00.000+0000
4153303ha,5,5,Steve S.,Nice little cabin at a reasonable price in a convenient location.,5,2016-04-29T00:00:00.000+0000,VRBO,2016-05-09T12:17:00.000+0000
572212,12,1,Elizabeth S.,Lovely home in peaceful location,5,2017-04-24T00:00:00.000+0000,VRBO,2017-05-06T14:55:00.000+0000
572212,12,2,Jennifer K.,Great place to stay!,5,2017-02-24T00:00:00.000+0000,VRBO,2017-03-02T15:04:00.000+0000
572212,12,3,Allison B.,Perfect Weekend Getaway,5,2017-02-17T00:00:00.000+0000,VRBO,2017-02-21T14:42:00.000+0000
572212,12,4,David B.,Quiet and cozy.,5,2017-01-13T00:00:00.000+0000,VRBO,2017-01-21T21:18:00.000+0000
572212,12,5,Clive K.,Who Could Ask For More,5,2016-07-01T00:00:00.000+0000,VRBO,2016-08-18T12:48:17.033+0000
572212,12,6,Jarrett W.,Natural beauty meets ultra modern living,5,2015-10-12T00:00:00.000+0000,VRBO,2015-10-28T00:31:06.313+0000
572212,12,7,kathleen p.,Terrific Property!,5,2015-08-10T00:00:00.000+0000,VRBO,2015-08-28T12:24:48.990+0000
572212,12,8,Reiss L.,Comfortably Modern House,5,2015-07-12T00:00:00.000+0000,VRBO,2015-08-04T12:50:36.037+0000
572212,12,9,Silvia,Great house,5,2015-02-14T00:00:00.000+0000,VRBO,2015-02-20T06:05:58.797+0000
572212,12,10,julie m.,The title perfectly describes the home.,5,2014-12-21T00:00:00.000+0000,VRBO,2015-01-02T17:13:53.247+0000
572212,12,11,Ronni V.,Heaven in Connecticut,5,2014-08-21T00:00:00.000+0000,VRBO,2014-09-26T17:19:50.917+0000
572212,12,12,Wanda V.,Architectural Gem in Litchfield County,5,2014-07-01T00:00:00.000+0000,VRBO,2014-09-02T19:00:42.607+0000
864246,5,1,Jason M.,Wonderful lakeside cabin-home experience.,5,2017-01-05T00:00:00.000+0000,VRBO,2017-01-11T18:36:00.000+0000
864246,5,2,Chandler L.,Absolutely loved it,5,2016-12-30T00:00:00.000+0000,VRBO,2017-01-03T00:20:00.000+0000
864246,5,3,Mike,Terrific cottages in great area,5,2016-12-21T00:00:00.000+0000,VRBO,2016-12-30T00:57:00.000+0000
864246,5,4,Sabreena K.,Quiet weekend on the lake,5,2016-10-07T00:00:00.000+0000,VRBO,2016-10-15T15:31:00.000+0000
864246,5,5,Peggy T.,The prettiest spot on the lake and most well appointed home,5,2016-08-13T00:00:00.000+0000,VRBO,2016-08-23T23:43:00.000+0000
3546389ha,9,1,Amy G.,Peaceful and beautiful!,5,2017-04-07T00:00:00.000+0000,VRBO,2017-04-09T17:55:00.000+0000
3546389ha,9,2,linda p.,Stunning,5,2017-03-03T00:00:00.000+0000,VRBO,2017-03-20T19:26:00.000+0000
3546389ha,9,3,Ann Marie H.,Absolutely Beautiful,5,2017-03-03T00:00:00.000+0000,VRBO,2017-03-08T22:01:00.000+0000
3546389ha,9,4,Emmanuel R.,Peace and Relaxation,5,2016-12-27T00:00:00.000+0000,VRBO,2017-01-02T04:39:00.000+0000
3546389ha,9,5,Anna B.,Nice vacation,5,2016-10-08T00:00:00.000+0000,VRBO,2016-10-12T01:48:00.000+0000
3546389ha,9,6,Ariella P.,Incredible weekend getaway,5,2016-09-16T00:00:00.000+0000,VRBO,2016-10-02T04:03:00.000+0000
3546389ha,9,7,laura r.,Fabulous home with easy lake access.,5,2015-08-01T00:00:00.000+0000,VRBO,2016-06-03T11:35:28.860+0000
3546389ha,9,8,Anonymous,Perfect escape from the city,5,2014-12-26T00:00:00.000+0000,VRBO,2014-12-31T01:51:33.557+0000
3546389ha,9,9,Ian S.,Our Escape At Waramaug,5,2013-11-19T00:00:00.000+0000,VRBO,2014-11-19T20:52:26.620+0000
3778159ha,7,1,Kenneth K.,An idyllic family retreat!,5,2017-05-05T00:00:00.000+0000,VRBO,2017-05-07T13:28:00.000+0000
3778159ha,7,2,Andrea C.,"Beautiful, comfortable home in wonderful location.",5,2016-09-16T00:00:00.000+0000,VRBO,2016-09-19T22:30:34.457+0000
3778159ha,7,3,Gregory  .,Very nice house and beautiful setting.,5,2016-07-23T00:00:00.000+0000,VRBO,2016-09-18T17:10:07.857+0000
3778159ha,7,4,Patrick D.,A quiet homey well maintained historic home,5,2015-09-17T00:00:00.000+0000,VRBO,2015-10-04T16:14:00.000+0000
3778159ha,7,5,Anonymous,"Charming and clean house, beautiful views.",5,2015-06-05T00:00:00.000+0000,VRBO,2015-06-16T15:22:28.697+0000
3778159ha,7,6,Amy k.,Perfect for wedding pictures,5,2015-06-11T00:00:00.000+0000,VRBO,2015-06-16T14:13:52.393+0000
3778159ha,7,7,Christopher H.,Beyond Expectations,5,2014-09-19T00:00:00.000+0000,VRBO,2014-10-06T18:11:55.520+0000
143286,13,1,Alexander D.,Great house for a small group.,5,2016-12-30T00:00:00.000+0000,VRBO,2017-01-13T13:41:00.000+0000
143286,13,2,Phillip B.,"Relaxing, away, and exactly what the doctor krdered",4,2016-12-16T00:00:00.000+0000,VRBO,2017-01-02T18:27:00.000+0000
143286,13,3,AlliC,Cozy Getaway,5,2016-11-23T00:00:00.000+0000,VRBO,2016-12-03T04:04:00.000+0000
143286,13,4,Vanessa G.,"Warm, cozy and a beautiful location!",5,2016-10-10T00:00:00.000+0000,VRBO,2016-10-23T16:09:00.000+0000
143286,13,5,David H.,Great Location - Perfect House for Our Trip,5,2015-12-14T00:00:00.000+0000,VRBO,2016-01-04T15:29:05.877+0000
143286,13,6,Michael B.,"Perfect, Quiet Location in the Country",5,2015-10-09T00:00:00.000+0000,VRBO,2015-11-06T20:26:41.703+0000
143286,13,7,Ebony,Just as pretty as the pictures,5,2015-02-13T00:00:00.000+0000,VRBO,2015-02-17T21:27:06.403+0000
143286,13,8,Roe,Tranquility,5,2014-09-25T00:00:00.000+0000,VRBO,2014-09-29T16:49:53.427+0000
143286,13,9,steven a.,Stay in Sharon CT,5,2012-03-30T00:00:00.000+0000,VRBO,2012-04-02T14:25:17.283+0000
143286,13,10,Christy C.,Relaxing and Picturesque,5,2012-01-27T00:00:00.000+0000,VRBO,2012-01-29T22:59:02.300+0000
143286,13,11,Anonymous,The name says it all.,5,2011-10-08T00:00:00.000+0000,VRBO,2011-10-11T01:02:53.243+0000
143286,13,12,KL,"""serenity"" is peaceful.....",5,2010-08-01T00:00:00.000+0000,VRBO,2010-08-10T21:21:14.957+0000
143286,13,13,annie06830,Perfect Solution,5,2010-05-28T00:00:00.000+0000,VRBO,2010-06-09T19:03:39.777+0000
930807ha,13,1,Alexander D.,Great house for a small group.,5,2016-12-30T00:00:00.000+0000,VRBO,2017-01-13T13:41:00.000+0000
930807ha,13,2,Phillip B.,"Relaxing, away, and exactly what the doctor krdered",4,2016-12-16T00:00:00.000+0000,VRBO,2017-01-02T18:27:00.000+0000
930807ha,13,3,AlliC,Cozy Getaway,5,2016-11-23T00:00:00.000+0000,VRBO,2016-12-03T04:04:00.000+0000
930807ha,13,4,Vanessa G.,"Warm, cozy and a beautiful location!",5,2016-10-10T00:00:00.000+0000,VRBO,2016-10-23T16:09:00.000+0000
930807ha,13,5,David H.,Great Location - Perfect House for Our Trip,5,2015-12-14T00:00:00.000+0000,VRBO,2016-01-04T15:29:05.877+0000
930807ha,13,6,Michael B.,"Perfect, Quiet Location in the Country",5,2015-10-09T00:00:00.000+0000,VRBO,2015-11-06T20:26:41.703+0000
930807ha,13,7,Ebony,Just as pretty as the pictures,5,2015-02-13T00:00:00.000+0000,VRBO,2015-02-17T21:27:06.403+0000
930807ha,13,8,Roe,Tranquility,5,2014-09-25T00:00:00.000+0000,VRBO,2014-09-29T16:49:53.427+0000
930807ha,13,9,steven a.,Stay in Sharon CT,5,2012-03-30T00:00:00.000+0000,VRBO,2012-04-02T14:25:17.283+0000
930807ha,13,10,Christy C.,Relaxing and Picturesque,5,2012-01-27T00:00:00.000+0000,VRBO,2012-01-29T22:59:02.300+0000
930807ha,13,11,Anonymous,The name says it all.,5,2011-10-08T00:00:00.000+0000,VRBO,2011-10-11T01:02:53.243+0000
930807ha,13,12,KL,"""serenity"" is peaceful.....",5,2010-08-01T00:00:00.000+0000,VRBO,2010-08-10T21:21:14.957+0000
930807ha,13,13,annie06830,Perfect Solution,5,2010-05-28T00:00:00.000+0000,VRBO,2010-06-09T19:03:39.777+0000
764020,16,1,Judy P.,Wonderful weekend retreat!,5,2017-05-18T00:00:00.000+0000,VRBO,2017-05-22T19:39:00.000+0000
764020,16,2,Jim V.,Super nice!,5,2017-04-19T00:00:00.000+0000,VRBO,2017-04-24T17:23:00.000+0000
764020,16,3,Sue H.,Excellent home and hospitality!,5,2017-04-15T00:00:00.000+0000,VRBO,2017-04-21T02:44:00.000+0000
764020,16,4,Jamie R.,Couldn't have been any better!,5,2017-01-27T00:00:00.000+0000,VRBO,2017-01-31T20:51:00.000+0000
764020,16,5,Ben T.,Awesome country getaway,5,2017-01-04T00:00:00.000+0000,VRBO,2017-01-23T01:02:00.000+0000
764020,16,6,michael d.,Amazing cabin retreat,5,2016-12-30T00:00:00.000+0000,VRBO,2017-01-01T14:06:00.000+0000
764020,16,7,Donna M.,This house not only met but exceeded our wants and needs!,5,2016-11-12T00:00:00.000+0000,VRBO,2016-11-29T00:02:00.000+0000
764020,16,8,Heidi E.,Bucolic perfection,5,2016-10-28T00:00:00.000+0000,VRBO,2016-10-30T23:49:00.000+0000
764020,16,9,Ellen F.,Wonderful place for my family to meet,5,2016-09-09T00:00:00.000+0000,VRBO,2016-09-12T02:20:00.000+0000
764020,16,10,Fame,A Perfect Gathering Spot,5,2016-06-24T00:00:00.000+0000,VRBO,2016-07-21T00:36:00.000+0000
764020,16,11,Edward A C.,A magical getaway from hectic urban life with tastefully decorated rooms and all the amenities,5,2016-06-21T00:00:00.000+0000,VRBO,2016-06-25T10:59:00.000+0000
764020,16,12,Jennifer F.,"Updated, well appointed farmhouse perfect for families!",5,2016-05-27T00:00:00.000+0000,VRBO,2016-06-03T17:30:00.000+0000
764020,16,13,Eric F.,Bucolic spot!,5,2016-05-19T00:00:00.000+0000,VRBO,2016-05-23T20:50:00.000+0000
764020,16,14,jen f.,just wow!,5,2016-03-25T00:00:00.000+0000,VRBO,2016-03-28T01:52:33.403+0000
764020,16,15,Julia & Geo P.,Warm and inviting farmhouse,5,2015-12-28T00:00:00.000+0000,VRBO,2016-02-15T01:59:00.000+0000
764020,16,16,Josh L.,Peaceful Retreat,5,2015-12-22T00:00:00.000+0000,VRBO,2015-12-29T15:06:00.000+0000
3802296ha,4,1,Bill P.,September vacation,5,2016-09-11T00:00:00.000+0000,VRBO,2016-09-23T15:19:45.830+0000
3802296ha,4,2,Wendy P.,Tyler Lake Cottage,5,2016-07-16T00:00:00.000+0000,VRBO,2016-07-23T19:11:00.000+0000
3802296ha,4,3,Fred N.,Just what I was Looking For,5,2014-11-19T00:00:00.000+0000,VRBO,2014-12-31T21:42:46.473+0000
3802296ha,4,4,Albert B.,Lovely lake view cottage,5,2014-10-13T00:00:00.000+0000,VRBO,2014-12-31T05:11:22.320+0000
784925,13,1,Valerie L.,Great Stay!,5,2017-03-10T00:00:00.000+0000,VRBO,2017-03-15T14:33:00.000+0000
784925,13,2,Eddie H.,Great house and quite location,5,2017-02-26T00:00:00.000+0000,VRBO,2017-03-06T23:28:00.000+0000
784925,13,3,Regis G.,Perfect weekend!,5,2017-01-26T00:00:00.000+0000,VRBO,2017-02-13T18:40:00.000+0000
784925,13,4,Jordi H.,Perfect rural escape met and exceeded expectation,5,2017-01-14T00:00:00.000+0000,VRBO,2017-01-17T04:50:00.000+0000
784925,13,5,Ankit P.,Great fall getaway,5,2016-11-10T00:00:00.000+0000,VRBO,2016-11-16T22:09:00.000+0000
784925,13,6,Sylvia S.,Better than pictured!,5,2016-09-08T00:00:00.000+0000,VRBO,2016-09-24T16:42:00.000+0000
784925,13,7,Tzvi Alan S.,Country week for city slicker,5,2016-08-28T00:00:00.000+0000,VRBO,2016-09-04T18:38:17.607+0000
784925,13,8,Tzvi Alan S.,Country week for a city slicker,5,2016-08-28T00:00:00.000+0000,VRBO,2016-09-04T18:21:00.000+0000
784925,13,9,Gina H.,Family Reunion,5,2016-08-06T00:00:00.000+0000,VRBO,2016-08-18T12:42:00.000+0000
784925,13,10,Diane H.,Beautiful!,5,2016-07-23T00:00:00.000+0000,VRBO,2016-08-02T14:54:00.000+0000
784925,13,11,Matt M.,A wonderful place for a vacation,4,2016-07-16T00:00:00.000+0000,VRBO,2016-08-01T18:29:00.000+0000
784925,13,12,Hélène C.,An amazing week-end,5,2016-02-26T00:00:00.000+0000,VRBO,2016-03-01T21:20:34.293+0000
784925,13,13,CAMILLA W.,Wonderful Property!,5,2016-02-10T00:00:00.000+0000,VRBO,2016-02-17T12:31:00.000+0000
1029258,2,1,Mary Jo F.,Beautiful home,5,2017-05-07T00:00:00.000+0000,VRBO,2017-05-11T10:21:00.000+0000
1029258,2,2,Janeen B.,Great views with a spacious well kept house,5,2017-04-12T00:00:00.000+0000,VRBO,2017-04-24T16:43:00.000+0000
887727,10,1,Alana D.,Such a Wonderful Get Away,5,2017-04-14T00:00:00.000+0000,VRBO,2017-04-16T23:24:00.000+0000
887727,10,2,Megan C.,Relaxing winter girls weekend,5,2017-02-17T00:00:00.000+0000,VRBO,2017-02-22T13:37:00.000+0000
887727,10,3,anna l.,Lovely home away from home,5,2016-08-26T00:00:00.000+0000,VRBO,2016-09-12T03:17:00.000+0000
887727,10,4,Benjamin S.,"Beautiful, Renovated Lake House",5,2016-09-02T00:00:00.000+0000,VRBO,2016-09-08T13:40:00.000+0000
887727,10,5,Justin I.,Fantastic !,5,2016-08-22T00:00:00.000+0000,VRBO,2016-08-29T12:18:00.000+0000
887727,10,6,chaya c.,beautiful property,5,2016-08-15T00:00:00.000+0000,VRBO,2016-08-21T17:36:00.000+0000
887727,10,7,Bev N.,"This lake house is beautifully decorated, perfectly located with all the comforts of home.",5,2016-08-07T00:00:00.000+0000,VRBO,2016-08-21T13:13:00.000+0000
887727,10,8,Caitlin H.,Perfect summer weekend getaway with friends!,5,2016-07-22T00:00:00.000+0000,VRBO,2016-07-24T19:06:00.000+0000
887727,10,9,Kirk M.,Best House Rental On Bantam Lake!!!,5,2016-07-15T00:00:00.000+0000,VRBO,2016-07-21T20:41:00.000+0000
887727,10,10,Edith D.,Better in person!,5,2016-07-06T00:00:00.000+0000,VRBO,2016-07-10T16:26:01.490+0000
564227,32,1,Kingsley B.,Great lakeside escape,5,2017-05-26T00:00:00.000+0000,VRBO,2017-06-02T04:09:00.000+0000
564227,32,2,Jane S.,Beautifully appointed home with a stunning view,5,2017-05-19T00:00:00.000+0000,VRBO,2017-05-24T14:46:00.000+0000
564227,32,3,shane c.,Perfect.,5,2017-02-17T00:00:00.000+0000,VRBO,2017-02-23T13:37:00.000+0000
564227,32,4,Heather A.,What a beautiful home for our getaway weekend...,5,2016-10-07T00:00:00.000+0000,VRBO,2016-10-10T17:31:00.000+0000
564227,32,5,Ben T.,Relaxing Vacation,5,2016-09-14T00:00:00.000+0000,VRBO,2016-09-22T12:35:00.000+0000
564227,32,6,Deborah P.,Wonderful.,5,2016-08-20T00:00:00.000+0000,VRBO,2016-09-07T22:44:00.000+0000
564227,32,7,Matthew & Kimberly G.,Wonderful and relaxing!,5,2016-08-13T00:00:00.000+0000,VRBO,2016-08-31T18:53:00.000+0000
564227,32,8,Rachel S.,"Extremely comfortable, well equipped rental",5,2016-08-06T00:00:00.000+0000,VRBO,2016-08-14T21:14:00.000+0000
564227,32,9,Frederick Y.,Wonderful!,5,2016-07-16T00:00:00.000+0000,VRBO,2016-07-22T21:51:00.000+0000
564227,32,10,Valeska C.,3rd time at the house!,5,2016-05-27T00:00:00.000+0000,VRBO,2016-06-06T23:10:00.000+0000
564227,32,11,Dorothy P.,Family Reunion,4,2016-04-07T00:00:00.000+0000,VRBO,2016-04-13T17:58:00.000+0000
564227,32,12,Anonymous,"Beautiful house, Great hosts!",5,2016-02-11T00:00:00.000+0000,VRBO,2016-02-26T14:18:00.000+0000
564227,32,13,Alexandra B.,Beautiful and very clean,5,2016-01-16T00:00:00.000+0000,VRBO,2016-01-22T21:02:54.423+0000
564227,32,14,Charlie S.,Great Getaway,5,2015-12-30T00:00:00.000+0000,VRBO,2016-01-07T20:20:00.000+0000
564227,32,15,Jeff &amp; Sue M.,Holiday get away in beautiful N/W CT,5,2015-12-24T00:00:00.000+0000,VRBO,2015-12-28T19:41:46.477+0000
564227,32,16,Nick M.,Thanksgiving  ,5,2015-11-25T00:00:00.000+0000,VRBO,2015-11-28T23:40:42.563+0000
564227,32,17,Monika W.,"A TREASURE, A TREAT! ",5,2015-09-17T00:00:00.000+0000,VRBO,2015-10-15T19:58:18.147+0000
564227,32,18,Anonymous,HOUSE/LOCATION HARD TO BEAT,5,2015-08-07T00:00:00.000+0000,VRBO,2015-08-28T17:15:10.130+0000
564227,32,19,Carla B.,"Peaceful, serene and just what we were looking for!",5,2015-06-12T00:00:00.000+0000,VRBO,2015-07-12T19:18:52.520+0000
564227,32,20,Vinnie and Linda,West Side Pond Lake retreat,5,2015-06-26T00:00:00.000+0000,VRBO,2015-07-11T18:49:53.887+0000
564227,32,21,mary r.,Great Ski Getaway,5,2015-03-12T00:00:00.000+0000,VRBO,2015-03-23T01:27:30.327+0000
564227,32,22,VvS,Amazing weekend at a beautiful location!,5,2015-01-16T00:00:00.000+0000,VRBO,2015-01-28T01:23:39.500+0000
564227,32,23,Larry O.,Outstanding Property,5,2014-11-22T00:00:00.000+0000,VRBO,2014-12-22T18:36:44.633+0000
564227,32,24,Lou,Absolutely Wonderful,5,2014-10-10T00:00:00.000+0000,VRBO,2014-12-04T17:31:45.043+0000
564227,32,25,KP,Just what we were looking for!,5,2014-09-12T00:00:00.000+0000,VRBO,2014-10-23T18:25:45.307+0000
564227,32,26,Lora R.,Even better than this listing describes!,5,2014-09-15T00:00:00.000+0000,VRBO,2014-09-24T03:35:48.720+0000
564227,32,27,Kathleen,Beautiful home in picturesque setting.,5,2014-08-15T00:00:00.000+0000,VRBO,2014-09-09T14:36:42.977+0000
564227,32,28,Pamela W.,Exactly as presented!,5,2014-08-01T00:00:00.000+0000,VRBO,2014-08-15T12:51:22.607+0000
564227,32,29,Crafty mom,Super retreat,5,2014-05-29T00:00:00.000+0000,VRBO,2014-06-15T14:51:23.420+0000
564227,32,30,McCaye,Memorial Day Weekend,5,2014-05-23T00:00:00.000+0000,VRBO,2014-06-01T20:02:26.483+0000
564227,32,31,Ted,"Secluded and serene Setting. Excellent views, clean and comfortable and spacious.",5,2014-03-06T00:00:00.000+0000,VRBO,2014-03-12T18:54:54.053+0000
564227,32,32,Ted,"Serene location, with un-interrupted views, clean and spacious, I am certain that we will be back",5,2014-03-09T00:00:00.000+0000,VRBO,2014-03-11T16:38:40.297+0000
4218854ha,6,1,Alex O.,Perfect House for Friends Getaway Weekend,5,2017-02-03T00:00:00.000+0000,VRBO,2017-02-09T16:14:00.000+0000
4218854ha,6,2,Mark V.,"Great house, was perfect for our family reunion. Large open kitchen-dinning-living room.",4,2017-01-23T00:00:00.000+0000,VRBO,2017-01-29T18:54:00.000+0000
4218854ha,6,3,Brittany U.,Great family home!,5,2016-12-23T00:00:00.000+0000,VRBO,2016-12-29T16:08:46.827+0000
4218854ha,6,4,Meag J.,Beautiful home,5,2016-11-19T00:00:00.000+0000,VRBO,2016-12-07T13:04:00.000+0000
4218854ha,6,5,Joe F.,Very nice house in a nice quiet setting. Clean and plenty of room for family to gather.,4,2016-10-07T00:00:00.000+0000,VRBO,2016-10-12T14:26:00.000+0000
4218854ha,6,6,Elaine S.,Fabulous family gathering home!,5,2016-09-09T00:00:00.000+0000,VRBO,2016-09-16T13:09:00.000+0000
847310,2,1,Melissa D.,Perfect for our high school graduation stay,5,2017-05-25T00:00:00.000+0000,VRBO,2017-06-06T15:41:00.000+0000
847310,2,2,peter d.,very nice property,5,2016-07-21T00:00:00.000+0000,VRBO,2016-09-06T01:21:00.000+0000
326527ha,11,1,Barbara M.,We were very pleased with everything and appreciated how many amenities were available to us.,5,2016-09-08T00:00:00.000+0000,VRBO,2016-09-18T09:38:00.000+0000
326527ha,11,2,Louise T.,"Enjoyed the stay, owner is great!!!",5,2016-08-15T00:00:00.000+0000,VRBO,2016-08-22T14:31:00.000+0000
326527ha,11,3,Perissa B.,Happy New Year!!,5,2012-12-31T00:00:00.000+0000,VRBO,2013-01-03T16:38:35.533+0000
326527ha,11,4,Skampy Z.,"Don't worry, Be happy here!",5,2012-08-27T00:00:00.000+0000,VRBO,2012-08-30T14:37:38.067+0000
326527ha,11,5,Jessica M.,Beautiful cottage!,5,2012-07-01T00:00:00.000+0000,VRBO,2012-08-04T23:45:56.267+0000
326527ha,11,6,paul e.,Great Cottage Super Location,5,2012-06-29T00:00:00.000+0000,VRBO,2012-07-06T17:17:36.100+0000
326527ha,11,7,carooma,Perfect Escape,5,2011-10-07T00:00:00.000+0000,VRBO,2011-10-12T15:50:16.057+0000
326527ha,11,8,Michelle  M.,Great Getaway!!,5,2011-08-30T00:00:00.000+0000,VRBO,2011-09-03T14:57:36.193+0000
326527ha,11,9,Lynn D.,Wonderful cottage!!!,5,2011-08-06T00:00:00.000+0000,VRBO,2011-08-17T23:02:16.030+0000
326527ha,11,10,Anonymous,Cute cottage - lots of fun on the water!,5,2010-07-30T00:00:00.000+0000,VRBO,2011-06-09T22:40:42.487+0000
326527ha,11,11,Maria M.,Skønt ophold,5,2017-04-14T00:00:00.000+0000,VRBO,2017-04-18T02:11:00.000+0000
3526558ha,6,1,Anonymous,Lakeside retreat,4,2015-09-05T00:00:00.000+0000,VRBO,2015-09-23T09:46:32.207+0000
3526558ha,6,2,Greta C.,Lake Waramaug summer rental,5,2015-08-04T00:00:00.000+0000,VRBO,2015-08-14T02:55:05.573+0000
3526558ha,6,3,beach bum,Wonderful lake location perfect for beach&view,4,2015-07-29T00:00:00.000+0000,VRBO,2015-08-05T17:34:33.730+0000
3526558ha,6,4,Marina F.,Relaxing ,4,2015-01-17T00:00:00.000+0000,VRBO,2015-01-28T18:09:00.000+0000
3526558ha,6,5,Heidi D.,Charming Cottage on a Beautiful Lake,4,2014-08-28T00:00:00.000+0000,VRBO,2014-09-09T20:31:06.200+0000
3526558ha,6,6,Julie C.,A perfect location for friends and family!,5,2014-07-03T00:00:00.000+0000,VRBO,2014-08-03T23:32:48.743+0000
743269,11,1,Sarah F.,Lovely!,5,2017-06-02T00:00:00.000+0000,VRBO,2017-06-05T16:55:00.000+0000
743269,11,2,Joyce B.,Perfect little cottage,5,2016-09-16T00:00:00.000+0000,VRBO,2016-09-29T16:40:00.000+0000
743269,11,3,John C.,Great little Cottage!,5,2016-09-09T00:00:00.000+0000,VRBO,2016-09-16T17:29:00.000+0000
743269,11,4,Fernando V.,"Comfortable, cozy",5,2016-08-11T00:00:00.000+0000,VRBO,2016-08-17T13:43:00.000+0000
743269,11,5,Anonymous,"Very, very good.",5,2016-07-30T00:00:00.000+0000,VRBO,2016-08-07T17:29:48.303+0000
743269,11,6,Anonymous,"Very, very good.",5,2016-07-30T00:00:00.000+0000,VRBO,2016-08-07T16:57:00.000+0000
743269,11,7,Sue D.,Great Cottage!!,5,2016-07-10T00:00:00.000+0000,VRBO,2016-07-20T23:45:00.000+0000
743269,11,8,Sara F.,"Comfortable, clean, and quiet",5,2016-06-28T00:00:00.000+0000,VRBO,2016-07-14T17:44:00.000+0000
743269,11,9,Richard B.,"cozy, quiet cottage",5,2016-06-03T00:00:00.000+0000,VRBO,2016-06-08T10:19:00.000+0000
743269,11,10,Micheal R.,Whoo hooo,4,2016-05-27T00:00:00.000+0000,VRBO,2016-06-04T23:02:00.000+0000
743269,11,11,Luna G.,Perfect!,5,2016-04-29T00:00:00.000+0000,VRBO,2016-05-12T11:31:00.000+0000
407258,5,1,Alan A.,Great house for our family fur Thanksgiving week reunion!,5,2016-11-21T00:00:00.000+0000,VRBO,2016-11-27T16:50:00.000+0000
407258,5,2,TAMMY J.,Great Home,5,2014-11-17T00:00:00.000+0000,VRBO,2014-11-26T03:43:17.307+0000
407258,5,3,Anonymous,Happy days,5,2014-09-16T00:00:00.000+0000,VRBO,2014-09-29T17:37:59.580+0000
407258,5,4,Joyce,Defiantly Not To Be Missed,5,2012-11-28T00:00:00.000+0000,VRBO,2013-01-09T22:35:45.053+0000
407258,5,5,JC,A reason for thanks!,5,2012-11-19T00:00:00.000+0000,VRBO,2012-12-05T18:21:36.937+0000
607259,10,1,Christopher M.,Immaculate home with a beautiful overlook of the nearby lake. Home stocked with anything you need.,5,2017-05-26T00:00:00.000+0000,VRBO,2017-06-07T16:44:00.000+0000
607259,10,2,Cathleen W.,alot a peace in heaven,5,2017-05-04T00:00:00.000+0000,VRBO,2017-05-29T18:00:00.000+0000
607259,10,3,James C.,Great weekend,5,2016-09-03T00:00:00.000+0000,VRBO,2016-09-23T12:15:09.830+0000
607259,10,4,Alisha S.,"Great stay, great house, great host!",5,2016-07-22T00:00:00.000+0000,VRBO,2016-08-05T22:24:00.000+0000
607259,10,5,mark m.,mark,5,2016-06-24T00:00:00.000+0000,VRBO,2016-07-01T16:39:00.000+0000
607259,10,6,Kathy L.,Charming cottage perched on a hill,5,2015-10-14T00:00:00.000+0000,VRBO,2015-10-21T14:57:00.000+0000
607259,10,7,p,Lovely place to decompress!,5,2015-07-22T00:00:00.000+0000,VRBO,2015-08-27T21:42:41.303+0000
607259,10,8,Clement G.,A Lovely Cottage Indeed,5,2015-08-12T00:00:00.000+0000,VRBO,2015-08-16T01:47:20.367+0000
607259,10,9,Liz,What a find!,4,2015-07-02T00:00:00.000+0000,VRBO,2015-07-07T19:42:39.053+0000
607259,10,10,Bride and Groom,Special getaway,5,2014-10-09T00:00:00.000+0000,VRBO,2015-01-20T20:52:20.970+0000
667038,7,1,Carol M.,Initial impressions were very cute and cozy upon arrival. Close to the water and convienient.,2,2016-09-01T00:00:00.000+0000,VRBO,2016-09-07T17:49:00.000+0000
667038,7,2,Diane  K.,Better then a hotel room we would have had to share with 2 babies.,3,2016-08-02T00:00:00.000+0000,VRBO,2016-08-11T16:59:00.000+0000
667038,7,3,Peter K.,Great Getaway Cottage,5,2016-05-01T00:00:00.000+0000,VRBO,2016-05-26T16:41:14.327+0000
667038,7,4,Elizabeth R.,Comfy cottage on the lake,4,2015-06-27T00:00:00.000+0000,VRBO,2015-09-07T20:18:04.517+0000
667038,7,5,Chris and Liz,Warm and Welcoming,5,2015-04-24T00:00:00.000+0000,VRBO,2015-06-14T16:36:58.937+0000
667038,7,6,SuzyQ,Summer at the lake,5,2014-08-18T00:00:00.000+0000,VRBO,2015-04-10T00:04:56.020+0000
667038,7,7,honeybee,Carol and Duke,5,2014-05-23T00:00:00.000+0000,VRBO,2015-01-18T21:17:56.203+0000
924064,3,1,Olivia L.,Lovely weekend retreat,5,2017-02-18T00:00:00.000+0000,VRBO,2017-02-24T16:36:00.000+0000
924064,3,2,David S.,Cozy and Delightful,5,2016-12-01T00:00:00.000+0000,VRBO,2016-12-07T14:13:00.000+0000
924064,3,3,Steven L.,Thanksgiving Getaway,5,2016-11-23T00:00:00.000+0000,VRBO,2016-11-28T23:11:00.000+0000
829524,7,1,Pat A.,A SUPER FAMILY GETAWAY,5,2017-03-24T00:00:00.000+0000,VRBO,2017-04-07T14:53:00.000+0000
829524,7,2,Lauren K.,"Lovely, rustic home in a beautiful location",5,2017-01-06T00:00:00.000+0000,VRBO,2017-01-22T19:26:00.000+0000
829524,7,3,Mimi K.,Great place for a girls' weekend!,5,2016-11-11T00:00:00.000+0000,VRBO,2016-11-15T01:35:00.000+0000
829524,7,4,Anonymous,A relaxing Birthday,5,2016-10-13T00:00:00.000+0000,VRBO,2016-10-20T23:12:34.043+0000
829524,7,5,Susan T.,Relaxing weekend away for the city,5,2016-09-09T00:00:00.000+0000,VRBO,2016-09-30T12:48:46.143+0000
829524,7,6,Jake R.,Perfect cabin for a well appointed country escape,5,2016-08-18T00:00:00.000+0000,VRBO,2016-09-07T01:24:00.000+0000
829524,7,7,Julie S.,Weekend getaway away from it all,5,2016-04-30T00:00:00.000+0000,VRBO,2016-05-04T17:14:00.000+0000
439263,12,1,Liz,"Rustic, comfortable country retreat",5,2016-08-19T00:00:00.000+0000,VRBO,2016-09-13T22:40:10.393+0000
439263,12,2,Judy C.,Perfect Family Getaway,4,2015-08-30T00:00:00.000+0000,VRBO,2015-09-27T21:29:22.390+0000
439263,12,3,Lee K.,A wonderful family weekend,5,2015-06-26T00:00:00.000+0000,VRBO,2015-07-03T22:46:34.897+0000
439263,12,4,Katdines,Idyllic Cornwall getaway ,5,2015-06-04T00:00:00.000+0000,VRBO,2015-06-22T13:07:07.467+0000
439263,12,5,Eiseley  T.,Perfect Getaway,5,2015-06-04T00:00:00.000+0000,VRBO,2015-06-17T20:42:12.597+0000
439263,12,6,Moni,Great Getaway,5,2014-05-16T00:00:00.000+0000,VRBO,2014-05-29T07:11:55.007+0000
439263,12,7,Fran S.,"Great stay, special place",5,2013-08-29T00:00:00.000+0000,VRBO,2013-09-16T17:18:54.750+0000
439263,12,8,"A guest from Boulder, CO",Gem in West Cornwall,5,2013-08-16T00:00:00.000+0000,VRBO,2013-08-26T20:05:18.623+0000
439263,12,9,Luke ,The cabin in the woods,5,2013-08-09T00:00:00.000+0000,VRBO,2013-08-14T20:59:11.307+0000
439263,12,10,Maria (Phyllis) D.,It was definetely a lush forest hide away!,5,2013-07-19T00:00:00.000+0000,VRBO,2013-08-05T21:13:25.607+0000
439263,12,11,Suzanne M.,Wonderful weekend in the woods,5,2013-06-06T00:00:00.000+0000,VRBO,2013-07-03T00:32:50.720+0000
439263,12,12,leelee,perfect country living,5,2013-02-15T00:00:00.000+0000,VRBO,2013-03-20T19:38:38.330+0000
1029419,2,1,Sue A.,Wonderful stay,5,2017-04-11T00:00:00.000+0000,VRBO,2017-04-14T12:04:00.000+0000
1029419,2,2,Jessika B.,Lovely Little Cottage!,4,2017-03-10T00:00:00.000+0000,VRBO,2017-03-25T13:54:00.000+0000
687010,7,1,Kelly W.,Fantastic Getaway Spot,5,2016-12-28T00:00:00.000+0000,VRBO,2017-01-13T23:00:00.000+0000
687010,7,2,Ronald R.,Outstanding out of the way place to enjoy,5,2016-08-26T00:00:00.000+0000,VRBO,2016-09-06T20:34:00.000+0000
687010,7,3,Joseph  C.,"Beautiful, comfortable, well-appointed home",5,2016-07-24T00:00:00.000+0000,VRBO,2016-08-01T13:59:00.000+0000
687010,7,4,Carey and Jane W.,Very enjoyable house and location,5,2016-07-12T00:00:00.000+0000,VRBO,2016-07-21T16:42:00.000+0000
687010,7,5,Frederique S.,Incredible farmhouse located in peaceful setting,5,2016-07-02T00:00:00.000+0000,VRBO,2016-07-20T21:45:00.000+0000
687010,7,6,Randall F.,Absolutely perfect in every way!,5,2016-07-09T00:00:00.000+0000,VRBO,2016-07-17T12:22:00.000+0000
687010,7,7,Danielle T.,"The property was beautiful, spacious, and well maintained.",4,2016-06-12T00:00:00.000+0000,VRBO,2016-06-20T12:34:00.000+0000
477259,14,1,Elizabeth S.,BEWARE. Misrepresented House. Very poor condition.,1,2017-05-01T00:00:00.000+0000,VRBO,2017-05-02T01:09:00.000+0000
477259,14,2,Anthony N.,Perfect for a small group,4,2016-11-11T00:00:00.000+0000,VRBO,2016-11-24T11:19:00.000+0000
477259,14,3,sarah y.,Great girls weekend,5,2016-10-28T00:00:00.000+0000,VRBO,2016-11-03T01:47:00.000+0000
477259,14,4,Nanette B.,Simple but sublime getaway,5,2016-08-01T00:00:00.000+0000,VRBO,2016-08-26T13:05:00.000+0000
477259,14,5,HAC168281,Great Place to Unwind!,4,2016-04-30T00:00:00.000+0000,VRBO,2016-05-06T15:05:00.000+0000
477259,14,6,lisa r.,great place,5,2016-03-11T00:00:00.000+0000,VRBO,2016-03-17T15:18:00.000+0000
477259,14,7,Veronica C.,Just Magical,4,2015-12-22T00:00:00.000+0000,VRBO,2016-02-25T19:02:33.113+0000
477259,14,8,Melissa B.,Wonderful family weekend!,5,2016-01-14T00:00:00.000+0000,VRBO,2016-01-29T16:53:00.000+0000
477259,14,9,Chris S.,Summer Splendor,5,2014-06-01T00:00:00.000+0000,VRBO,2015-03-18T23:24:01.740+0000
477259,14,10,C I.,Wonderful Getaway,5,2015-01-16T00:00:00.000+0000,VRBO,2015-01-23T18:41:41.013+0000
477259,14,11,Gloria,Foliage season retreat,4,2013-10-12T00:00:00.000+0000,VRBO,2014-01-19T15:23:24.343+0000
477259,14,12,chris  h.,"Sunny by day, cosy by night!",5,2013-08-23T00:00:00.000+0000,VRBO,2014-01-19T15:17:09.040+0000
477259,14,13,Anonymous,Superb,5,2013-09-10T00:00:00.000+0000,VRBO,2014-01-19T06:17:29.677+0000
477259,14,14,JOSEPHINE,Away from it all,5,2013-07-03T00:00:00.000+0000,VRBO,2014-01-19T06:09:35.667+0000
3572485ha,10,1,Toby J.,Secluded and cozy,5,2016-12-20T00:00:00.000+0000,VRBO,2016-12-30T19:11:00.000+0000
3572485ha,10,2,Jamol A.,It was great,5,2016-12-23T00:00:00.000+0000,VRBO,2016-12-25T23:48:00.000+0000
3572485ha,10,3,Michael B.,Great cottage in great area,5,2016-11-23T00:00:00.000+0000,VRBO,2016-11-30T00:08:00.000+0000
3572485ha,10,4,Stephen B.,Cottage rental in NW Connecticut,4,2016-10-25T00:00:00.000+0000,VRBO,2016-11-12T19:58:27.827+0000
3572485ha,10,5,Debra  N.,"The rental was clean, comfortable, and adequate for our needs.",4,2016-08-21T00:00:00.000+0000,VRBO,2016-09-03T22:55:00.000+0000
3572485ha,10,6,Patricia G.,Retro cottage in NW CT,4,2016-08-19T00:00:00.000+0000,VRBO,2016-08-24T14:28:00.000+0000
3572485ha,10,7,Jane M.,Home away from Home,5,2016-07-10T00:00:00.000+0000,VRBO,2016-08-04T18:33:00.000+0000
3572485ha,10,8,romane g.,Great getaway in the woods,4,2015-12-21T00:00:00.000+0000,VRBO,2016-01-06T03:11:00.000+0000
3572485ha,10,9,tamsinandralph,"Delightful.  Perfect for outdoors beauty, serenity and kids.",5,2015-07-30T00:00:00.000+0000,VRBO,2015-08-04T17:59:56.303+0000
3572485ha,10,10,M W.,"clean, relaxing, great rural getaway",4,2013-09-29T00:00:00.000+0000,VRBO,2013-10-07T17:11:02.550+0000
3597853ha,4,1,Jessica H.,Beautiful property,4,2015-07-20T00:00:00.000+0000,VRBO,2015-08-04T14:24:49.287+0000
3597853ha,4,2,Layne M.,Stunning views,5,2015-06-11T00:00:00.000+0000,VRBO,2015-06-16T14:44:43.203+0000
3597853ha,4,3,Anonymous,Wonderful,5,2015-06-05T00:00:00.000+0000,VRBO,2015-06-16T14:17:43.610+0000
3597853ha,4,4,Pat B.,Great property for Christmas holiday!,5,2013-12-24T00:00:00.000+0000,VRBO,2014-01-22T20:59:59.650+0000
899717,11,1,Nicolas F.,"Amazing. Great location, amenities",5,2017-05-26T00:00:00.000+0000,VRBO,2017-05-30T15:21:00.000+0000
899717,11,2,Rc C.,Peaceful and beautiful lake front house,5,2017-05-12T00:00:00.000+0000,VRBO,2017-05-17T16:32:00.000+0000
899717,11,3,Andrea S.,Beautiful House with excellent views,5,2017-05-05T00:00:00.000+0000,VRBO,2017-05-08T20:11:00.000+0000
899717,11,4,Paul K.,The Perfect Vacation getaway!,5,2017-01-20T00:00:00.000+0000,VRBO,2017-05-08T13:30:00.000+0000
899717,11,5,Anonymous,A Wonderful Staycation for Us!,5,2017-03-03T00:00:00.000+0000,VRBO,2017-03-31T00:14:00.000+0000
899717,11,6,Sandra S.,Beautiful house,5,2017-01-28T00:00:00.000+0000,VRBO,2017-02-08T02:13:00.000+0000
899717,11,7,Sandra S.,Very beautiful house,5,2017-01-28T00:00:00.000+0000,VRBO,2017-02-02T16:46:00.000+0000
899717,11,8,Ana and Felipe,Great winter holiday house,5,2016-12-24T00:00:00.000+0000,VRBO,2017-01-24T21:28:04.860+0000
899717,11,9,farid h.,Great house and host!,5,2016-10-07T00:00:00.000+0000,VRBO,2016-10-12T17:45:00.000+0000
899717,11,10,Anonymous,"BEAUTIFUL house, AMAZING sunsets and even better owners",5,2016-09-02T00:00:00.000+0000,VRBO,2016-10-01T20:08:00.000+0000
899717,11,11,Chris H.,A beautiful weekend on Highland Lake,5,2016-08-26T00:00:00.000+0000,VRBO,2016-08-30T14:38:13.940+0000
368135,1,1,Kyle,Wonderful Weekend Getaway,5,2015-07-03T00:00:00.000+0000,VRBO,2015-07-09T13:15:25.107+0000
714722,1,1,Jande W.,Amazing little place!,5,2015-08-24T00:00:00.000+0000,VRBO,2015-09-03T19:20:19.853+0000
475767,2,1,Lisa A A.,Wonderful!,4,2016-08-11T00:00:00.000+0000,VRBO,2016-08-15T20:24:00.000+0000
475767,2,2,A&M,Perfect Countryside House,5,2013-07-03T00:00:00.000+0000,VRBO,2013-07-12T18:28:49.727+0000
591402,2,1,Dan N.,Lovely Comfortable Stay,5,2017-01-13T00:00:00.000+0000,VRBO,2017-01-16T00:59:00.000+0000
591402,2,2,Corey S.,"Awesome cottage, beautifully decorated, walking distance to Infinity Hall! Would stay again!",5,2016-11-13T00:00:00.000+0000,VRBO,2016-11-17T14:32:00.000+0000
820455,8,1,Robert C.,Awesome Thanksgiving getaway!,5,2016-11-23T00:00:00.000+0000,VRBO,2016-11-27T14:30:00.000+0000
820455,8,2,James R.,Exactly as advertised,5,2016-10-27T00:00:00.000+0000,VRBO,2016-10-29T14:29:00.000+0000
820455,8,3,John D.,"Serene, charming and exceeded expectations.",5,2016-10-01T00:00:00.000+0000,VRBO,2016-10-09T23:12:00.000+0000
820455,8,4,Theresa M.,Beautiful property in peaceful surroundings,5,2016-07-14T00:00:00.000+0000,VRBO,2016-07-29T15:20:00.000+0000
820455,8,5,helen b.,Beyond expectations!,5,2016-05-26T00:00:00.000+0000,VRBO,2016-06-05T14:21:00.000+0000
820455,8,6,Paul B.,Property is as Advertised,5,2016-05-13T00:00:00.000+0000,VRBO,2016-05-18T09:44:00.000+0000
820455,8,7,Laura K.,"New, clean...highly recommended!",5,2016-05-05T00:00:00.000+0000,VRBO,2016-05-10T19:06:41.643+0000
820455,8,8,Bernrich S.,Nothing Less Than Stellar,5,2016-02-12T00:00:00.000+0000,VRBO,2016-02-25T20:07:37.603+0000
623080,8,1,May,Perfect summer getaway for our company ,5,2016-06-27T00:00:00.000+0000,VRBO,2016-10-19T22:15:47.047+0000
623080,8,2,Sanam S.,Truly A Slice Of Heaven,5,2012-12-12T00:00:00.000+0000,VRBO,2013-01-04T21:39:10.243+0000
623080,8,3,Muraks,Simply Spectacular ,5,2010-08-30T00:00:00.000+0000,VRBO,2010-09-14T11:59:02.947+0000
623080,8,4,Craig,Estate House ,5,2010-08-13T00:00:00.000+0000,VRBO,2010-09-03T00:52:48.217+0000
623080,8,5,Kim&Larry,A little slice of heaven in the Berkshires,5,2009-06-07T00:00:00.000+0000,VRBO,2009-11-25T15:16:41.433+0000
623080,8,6,M&Ed,Thanksgiving in the Bershires,5,2008-11-25T00:00:00.000+0000,VRBO,2009-01-27T00:47:19.640+0000
623080,8,7,BLK,Excellent,5,2008-12-28T00:00:00.000+0000,VRBO,2009-01-16T18:10:39.377+0000
623080,8,8,AliciaBster,Pheneomenal Property,5,2008-07-26T00:00:00.000+0000,VRBO,2008-09-09T16:17:44.247+0000
909445,1,1,Alissa,"Wonderful, comfortable home for family fun",5,2016-12-22T00:00:00.000+0000,VRBO,2016-12-28T10:23:05.380+0000
3683637ha,7,1,Lei T.,Beautiful setting & fantastic getaway,5,2016-10-08T00:00:00.000+0000,VRBO,2016-10-11T17:39:19.313+0000
3683637ha,7,2,David T.,Amazing,5,2016-07-14T00:00:00.000+0000,VRBO,2016-08-11T14:22:15.260+0000
3683637ha,7,3,Elizabeth M.,Girls Get Away,5,2016-04-08T00:00:00.000+0000,VRBO,2016-04-16T11:55:32.853+0000
3683637ha,7,4,Cathy,Birthday Celebration,5,2016-04-08T00:00:00.000+0000,VRBO,2016-04-14T20:17:44.267+0000
3683637ha,7,5,Derrek C.,Ellsworth Manor is a true gem.,4,2016-02-04T00:00:00.000+0000,VRBO,2016-02-09T02:35:07.783+0000
3683637ha,7,6,Doug M.,Very enjoyable stay in Sharon,5,2015-07-30T00:00:00.000+0000,VRBO,2016-01-26T14:16:36.260+0000
3683637ha,7,7,Karin G.,Great home...great location!  Excellent and cooperative owner!,5,2015-10-12T00:00:00.000+0000,VRBO,2015-10-16T18:49:35.510+0000
326348,36,1,Ann H.,Magical Farm Experience,5,2017-04-22T00:00:00.000+0000,VRBO,2017-04-28T13:46:00.000+0000
326348,36,2,Halley  C.,The absolute best place to celebrate my bachelorette and have a blessingway ceremony with doves,5,2017-04-07T00:00:00.000+0000,VRBO,2017-04-12T19:27:00.000+0000
326348,36,3,Daniela S.,Everything we could have dreamed of,5,2016-09-02T00:00:00.000+0000,VRBO,2016-09-07T14:34:43.573+0000
326348,36,4,Judith P.,Anniversary celebration with family and friends,5,2015-10-23T00:00:00.000+0000,VRBO,2015-11-13T22:26:42.713+0000
326348,36,5,Anonymous,Totally Unique...Totally Perfect!!,5,2015-04-03T00:00:00.000+0000,VRBO,2015-04-05T15:09:01.363+0000
326348,36,6,Julie C.,AMAZING!! 90th Birthday Family Reunion,5,2014-08-01T00:00:00.000+0000,VRBO,2015-02-08T16:32:19.110+0000
326348,36,7,DocC,Soulful,5,2014-09-17T00:00:00.000+0000,VRBO,2014-10-10T23:04:44.923+0000
326348,36,8,Cortney W.,PERFECTION,5,2014-07-20T00:00:00.000+0000,VRBO,2014-07-23T01:08:35.687+0000
326348,36,9,mark m.,Spirit Horse is Fun,4,2014-03-15T00:00:00.000+0000,VRBO,2014-03-26T01:19:33.383+0000
326348,36,10,work,"Rustic, Elegant, Authentic- My Wedding!",5,2013-10-04T00:00:00.000+0000,VRBO,2013-10-14T14:44:50.583+0000
326348,36,11,Sarah,Gorgeous Fall Wedding ,5,2013-10-05T00:00:00.000+0000,VRBO,2013-10-14T14:33:09.910+0000
326348,36,12,Rustic Wedding,Great place for a rustic wedding,5,2013-09-20T00:00:00.000+0000,VRBO,2013-09-29T23:28:08.487+0000
326348,36,13,Anonymous,Reunion Weekend 2013,5,2013-06-13T00:00:00.000+0000,VRBO,2013-06-25T19:53:44.457+0000
326348,36,14,Lisa ,What an amazing home ,5,2013-05-11T00:00:00.000+0000,VRBO,2013-05-22T20:34:13.607+0000
326348,36,15,John,Wonderful,5,2013-01-24T00:00:00.000+0000,VRBO,2013-02-03T19:45:49.690+0000
326348,36,16,theQB,Beautiful place and a great place to stay!,5,2012-12-28T00:00:00.000+0000,VRBO,2013-01-10T15:49:51.750+0000
326348,36,17,spencers mom,A Magical Christmas at The Spirit Horse Farm,5,2012-12-19T00:00:00.000+0000,VRBO,2012-12-27T22:23:55.090+0000
326348,36,18,Anonymous,Sunflower Gail,5,2012-10-05T00:00:00.000+0000,VRBO,2012-10-11T01:27:42.627+0000
326348,36,19,Anonymous,Sunflower Gail,5,2012-10-05T00:00:00.000+0000,VRBO,2012-10-11T00:53:27.287+0000
326348,36,20,Julia C.,Perfect place for a special event,5,2012-07-26T00:00:00.000+0000,VRBO,2012-08-08T14:45:21.710+0000
326348,36,21,Schlosky,Great for many reasons,5,2012-05-12T00:00:00.000+0000,VRBO,2012-05-14T14:56:02.643+0000
326348,36,22,Kristin B.,"Excellent Retreat, Getaway, or Weekend Space",5,2011-04-12T00:00:00.000+0000,VRBO,2011-08-27T04:06:17.790+0000
326348,36,23,Kristin B.,Perfect Retreat Spot,5,2011-04-12T00:00:00.000+0000,VRBO,2011-08-27T03:46:45.560+0000
326348,36,24,Kristin B.,Perfect Retreat Spot,5,2011-04-12T00:00:00.000+0000,VRBO,2011-08-27T03:45:21.043+0000
326348,36,25,Rach,Country Chic!,5,2011-05-21T00:00:00.000+0000,VRBO,2011-05-23T16:21:25.860+0000
326348,36,26,Lauren W.,Country Charm with Modern Conveniences,5,2011-04-08T00:00:00.000+0000,VRBO,2011-04-14T14:57:54.277+0000
326348,36,27,Tracy,Perfect Family Getaway,5,2010-11-19T00:00:00.000+0000,VRBO,2011-04-05T20:00:47.480+0000
326348,36,28,Alaya,"Wonderful, productive writers retreat!",5,2011-02-23T00:00:00.000+0000,VRBO,2011-03-07T16:24:22.483+0000
326348,36,29,Allie,Wonderful Romantic Getaway at The Spirit Horse!,5,2011-02-11T00:00:00.000+0000,VRBO,2011-02-15T16:21:02.420+0000
326348,36,30,sean,A Fantastic getaway!,5,2011-01-22T00:00:00.000+0000,VRBO,2011-01-28T15:02:37.967+0000
326348,36,31,Ronnie,Amazing ! Great ! Wonderful !,5,2011-01-14T00:00:00.000+0000,VRBO,2011-01-20T13:42:34.083+0000
326348,36,32,Nicole S. ,A Fantastic Getaway,5,2011-01-04T00:00:00.000+0000,VRBO,2011-01-11T14:59:17.580+0000
326348,36,33,Dlils,"2 Families, 4 Kids, New Years Eve",5,2010-12-29T00:00:00.000+0000,VRBO,2011-01-04T20:50:18.300+0000
326348,36,34,josh m.,Great Spot,5,2010-11-24T00:00:00.000+0000,VRBO,2010-12-30T00:41:29.377+0000
326348,36,35,mimi,Great property for large event or weekend getaway,5,2010-07-24T00:00:00.000+0000,VRBO,2010-10-08T16:35:29.613+0000
326348,36,36,soccerben,Awesome Wedding and Reception,5,2010-07-23T00:00:00.000+0000,VRBO,2010-10-08T12:33:16.140+0000
484407,1,1,Chris M.,Very comfortable.. Great place to stay,5,2016-10-28T00:00:00.000+0000,VRBO,2016-11-21T19:05:00.000+0000
3921932ha,4,1,Anonymous,Perfect family homecoming and reunion,5,2016-08-04T00:00:00.000+0000,VRBO,2016-11-17T16:56:05.650+0000
3921932ha,4,2,Michael,Exceeded all expectations,5,2016-06-30T00:00:00.000+0000,VRBO,2016-07-11T16:23:19.027+0000
3921932ha,4,3,Carrie,The Boulders,5,2016-05-20T00:00:00.000+0000,VRBO,2016-06-02T20:45:40.437+0000
3921932ha,4,4,Scott N.,The Boulders Carriage House,5,2015-07-31T00:00:00.000+0000,VRBO,2015-08-02T21:55:15.763+0000
3938540ha,9,1,Serafima I.,"Very clean and well maintained, perfectly close to great family activities ih",5,2017-05-26T00:00:00.000+0000,VRBO,2017-05-29T16:49:00.000+0000
3938540ha,9,2,Kathyleen M.,"Clean, beautiful, convenient, peaceful, and a wonderful place to stay!",5,2016-10-07T00:00:00.000+0000,VRBO,2016-10-11T19:20:00.000+0000
3938540ha,9,3,Pat H.,Ladies weekend at Woodridge Lake,5,2016-09-16T00:00:00.000+0000,VRBO,2016-09-19T15:01:00.000+0000
3938540ha,9,4,Holly P.,Our favorite family vacation in years!,5,2016-05-01T00:00:00.000+0000,VRBO,2016-08-31T00:27:34.457+0000
3938540ha,9,5,Holly P.,What a house! it has everything - and **location**,5,2014-10-12T00:00:00.000+0000,VRBO,2015-06-10T01:11:55.973+0000
3938540ha,9,6,Kim T.,Really impressed with the quality of this home!!,5,2015-05-09T00:00:00.000+0000,VRBO,2015-05-20T23:34:26.270+0000
3938540ha,9,7,Lauren  F.,Perfect for our family!,5,2014-08-31T00:00:00.000+0000,VRBO,2015-04-15T23:56:00.357+0000
3938540ha,9,8,Ava B.,"Amazing Vacation, Great Lake House",5,2014-08-10T00:00:00.000+0000,VRBO,2015-04-14T00:44:12.500+0000
3938540ha,9,9,Kate M.,Perfect lake house get away! ,5,2014-08-24T00:00:00.000+0000,VRBO,2015-04-13T19:30:52.593+0000
227554,2,1,John L.,Great House great property!,5,2017-04-12T00:00:00.000+0000,VRBO,2017-04-20T16:18:00.000+0000
227554,2,2,Rocco P.,Mixed,3,2016-12-23T00:00:00.000+0000,VRBO,2016-12-26T14:01:00.000+0000
344586,11,1,Lisa C.,Wonderful house for entertaining,5,2016-09-23T00:00:00.000+0000,VRBO,2016-10-02T02:02:00.000+0000
344586,11,2,JIM R.,Had a great time in Connecticut cozy cabin was perfect for the family everyone had a good time.,5,2016-09-06T00:00:00.000+0000,VRBO,2016-09-23T05:53:00.000+0000
344586,11,3,Gillian D.,Fantastic Lake House vacation,5,2016-06-27T00:00:00.000+0000,VRBO,2016-07-14T12:46:00.000+0000
344586,11,4,Karen F.,Beautiful and Relaxing,5,2016-06-23T00:00:00.000+0000,VRBO,2016-06-29T14:05:00.000+0000
344586,11,5,Joyce,Home from Home,5,2016-05-25T00:00:00.000+0000,VRBO,2016-06-19T11:51:07.803+0000
344586,11,6,Adrienne T.,"Lovely lakeside home, lovingly maintained.",5,2016-06-09T00:00:00.000+0000,VRBO,2016-06-16T20:56:00.000+0000
344586,11,7,Jack P.,Comfortable cottage with great deck and relaxing lake view.,5,2016-05-13T00:00:00.000+0000,VRBO,2016-05-20T12:56:00.000+0000
344586,11,8,Shlomi G.,Very nice weekend ,5,2015-10-08T00:00:00.000+0000,VRBO,2015-10-23T06:45:29.367+0000
344586,11,9,Anonymous,A beautiful oasis on the lake,5,2014-06-28T00:00:00.000+0000,VRBO,2014-11-25T01:38:11.303+0000
344586,11,10,Orin,Instant relaxation,5,2012-06-02T00:00:00.000+0000,VRBO,2012-06-22T02:45:05.233+0000
344586,11,11,Tiwi,Wonderful Retreat Weekend,5,2011-05-13T00:00:00.000+0000,VRBO,2011-05-17T15:15:04.807+0000
3540426ha,4,1,Peggy M.,Quintessential Summer Fun,5,2015-07-25T00:00:00.000+0000,VRBO,2015-09-08T14:22:17.697+0000
3540426ha,4,2,Miell Y.,A Welcoming Cottage and Beautiful Property,5,2014-06-29T00:00:00.000+0000,VRBO,2014-07-12T13:40:19.637+0000
3540426ha,4,3,Andrew C.,WOW!!! Possibly our best vacation ever!?! So peaceful!,5,2014-06-18T00:00:00.000+0000,VRBO,2014-07-10T19:55:30.047+0000
3540426ha,4,4,Stephen C.,Wonderful house on a beautiful lake!,5,2013-08-18T00:00:00.000+0000,VRBO,2014-01-27T16:25:17.933+0000
3828517ha,10,1,HOLLY S.,A Perfect Getaway!,5,2016-11-11T00:00:00.000+0000,VRBO,2016-11-28T15:10:52.833+0000
3828517ha,10,2,Sarah O.,Highly Recommend this Gem,5,2016-09-02T00:00:00.000+0000,VRBO,2016-09-12T21:31:06.303+0000
3828517ha,10,3,amy h.,The secret is out!,5,2016-05-13T00:00:00.000+0000,VRBO,2016-05-18T11:29:00.000+0000
3828517ha,10,4,Molly G.,Wonderful home,5,2015-12-27T00:00:00.000+0000,VRBO,2016-01-04T04:34:38.367+0000
3828517ha,10,5,Sally W.,Gorgeous home and setting!,5,2015-12-11T00:00:00.000+0000,VRBO,2015-12-15T15:37:29.710+0000
3828517ha,10,6,Anne Marie O.,Wonderful Summer Family Home,5,2015-06-06T00:00:00.000+0000,VRBO,2015-09-01T15:13:27.180+0000
3828517ha,10,7,Susan E.,Perfect family spot,5,2015-04-03T00:00:00.000+0000,VRBO,2015-07-21T19:28:33.347+0000
3828517ha,10,8,I love Hawaii,Wonderful family retreat!,5,2015-05-28T00:00:00.000+0000,VRBO,2015-06-12T12:54:30.280+0000
3828517ha,10,9,Eric,Wonderful Home,5,2015-02-13T00:00:00.000+0000,VRBO,2015-02-18T02:16:58.687+0000
3828517ha,10,10,Eric,"Wonderful home, location and owners",5,2015-02-13T00:00:00.000+0000,VRBO,2015-02-18T02:13:44.347+0000
3696502ha,9,1,Lee N.,Lovely and comfortable home away from home,5,2017-04-21T00:00:00.000+0000,VRBO,2017-04-30T15:22:00.000+0000
3696502ha,9,2,Lauren K.,"Nice common space, terrible bedrooms",1,2017-04-14T00:00:00.000+0000,VRBO,2017-04-27T15:39:00.000+0000
3696502ha,9,3,Gordon,Gordon ,5,2016-08-11T00:00:00.000+0000,VRBO,2016-08-15T09:37:19.937+0000
3696502ha,9,4,Gunner S.,Fantastic place,5,2016-07-16T00:00:00.000+0000,VRBO,2016-07-20T13:01:34.727+0000
3696502ha,9,5,Jen V.,Dirty house,1,2015-12-23T00:00:00.000+0000,VRBO,2016-01-05T16:20:03.017+0000
3696502ha,9,6,Naomi C.,Feels Like Home,4,2015-07-26T00:00:00.000+0000,VRBO,2015-07-29T06:12:20.500+0000
3696502ha,9,7,Lee N.,lovely hideaway with a tranquil atmosphere,4,2013-10-19T00:00:00.000+0000,VRBO,2014-02-13T17:43:35.270+0000
3696502ha,9,8,Martin E.,"Great house, beautiful property",5,2013-12-20T00:00:00.000+0000,VRBO,2014-02-13T00:02:38.970+0000
3696502ha,9,9,R. R.,"Nice, secluded, peaceful, and serene with nature.",4,2013-12-30T00:00:00.000+0000,VRBO,2014-02-12T20:02:56.920+0000
841239,2,1,Tipi,Ah the Peace and Quiet!,5,2016-07-08T00:00:00.000+0000,VRBO,2016-10-08T21:15:42.800+0000
841239,2,2,Cat,Weekend away in Litchfield County,5,2016-09-09T00:00:00.000+0000,VRBO,2016-09-20T18:00:01.790+0000
933219,2,1,Ian  T.,One of a kind Gem,5,2017-01-06T00:00:00.000+0000,VRBO,2017-02-17T20:46:00.000+0000
933219,2,2,Amy B.,Amazing house with plenty of space!,5,2016-12-30T00:00:00.000+0000,VRBO,2017-01-13T15:12:00.000+0000
949623ha,19,1,zhongming q.,"A place of 3 Rs: Relaxation, Romance and Rebirth!",5,2017-05-05T00:00:00.000+0000,VRBO,2017-05-06T18:21:00.000+0000
949623ha,19,2,peggy v.,still great,5,2017-04-08T00:00:00.000+0000,VRBO,2017-05-03T22:45:00.000+0000
949623ha,19,3,Pari J.,Had an amazing relaxing Birthday!,5,2017-04-29T00:00:00.000+0000,VRBO,2017-05-03T19:24:00.000+0000
949623ha,19,4,Pari J.,What an Amazing experience!,5,2017-04-28T00:00:00.000+0000,VRBO,2017-04-30T14:48:00.000+0000
949623ha,19,5,Charlie T.,Amazing Experience for Couples or Small Groups,5,2017-04-01T00:00:00.000+0000,VRBO,2017-04-16T13:23:00.000+0000
949623ha,19,6,talal a.,It is winter place only,1,2016-08-09T00:00:00.000+0000,VRBO,2016-09-14T16:14:00.000+0000
949623ha,19,7,Ann M.,Great stay,5,2016-07-01T00:00:00.000+0000,VRBO,2016-07-23T18:45:45.783+0000
949623ha,19,8,Christine S.,Will never return!,1,2015-12-28T00:00:00.000+0000,VRBO,2016-06-28T13:06:32.020+0000
949623ha,19,9,Rebecca C.,Amazing place!,5,2016-03-04T00:00:00.000+0000,VRBO,2016-04-25T23:34:26.667+0000
949623ha,19,10,stephanie m.,Great Time with Friends and Family,5,2016-03-18T00:00:00.000+0000,VRBO,2016-03-30T16:02:55.267+0000
949623ha,19,11,Robin P.,Relaxing 3 day weekend away,5,2015-11-06T00:00:00.000+0000,VRBO,2015-11-23T16:58:39.473+0000
949623ha,19,12,Allen F.,Heavenly Honeymoon,5,2015-07-18T00:00:00.000+0000,VRBO,2015-08-03T18:28:28.313+0000
949623ha,19,13,peggy v.,heavenly,5,2015-04-10T00:00:00.000+0000,VRBO,2015-04-14T09:18:58.697+0000
949623ha,19,14,Chris G.,As unique a house as you'll find!,5,2014-12-30T00:00:00.000+0000,VRBO,2015-02-10T04:10:31.557+0000
949623ha,19,15,Kim S.,Amazing 4th of July Retreat,5,2014-07-03T00:00:00.000+0000,VRBO,2014-07-13T23:12:27.947+0000
949623ha,19,16,Rob,Great spa!,5,2014-02-16T00:00:00.000+0000,VRBO,2014-03-05T00:18:32.997+0000
949623ha,19,17,Leah,Best Vacation Ever,5,2013-07-30T00:00:00.000+0000,VRBO,2013-08-07T16:23:10.480+0000
949623ha,19,18,Bob U.,"Wonderful ""castle in the woods"" near LimeRock",5,2013-07-02T00:00:00.000+0000,VRBO,2013-07-23T16:14:43.947+0000
949623ha,19,19,Karin S.,Great Spa!,5,2013-04-20T00:00:00.000+0000,VRBO,2013-05-22T01:21:31.173+0000
3689571ha,2,1,Tina S.,Spacious home and beautiful location!!!,5,2016-01-23T00:00:00.000+0000,VRBO,2016-01-26T02:25:14.010+0000
3689571ha,2,2,Warren P.,"Astonishing views, Rustic & Secluded",5,2016-01-08T00:00:00.000+0000,VRBO,2016-01-18T18:31:37.550+0000
3921935ha,3,1,Beth  L.,Unwind,5,2015-07-17T00:00:00.000+0000,VRBO,2016-05-21T01:27:17.720+0000
3921935ha,3,2,Beth  L.,Peaceful and Beautiful Spot,5,2015-07-16T00:00:00.000+0000,VRBO,2016-05-21T01:25:30.857+0000
3921935ha,3,3,david c,wonderful trip with three families,5,2015-07-31T00:00:00.000+0000,VRBO,2015-08-07T02:58:18.857+0000
4361430ha,1,1,Toby J.,Cozy loft on a beautiful farm,5,2017-03-12T00:00:00.000+0000,VRBO,2017-03-21T22:08:00.000+0000
195483,8,1,Mary G.,Lovely house in quiet surroundings,4,2016-10-03T00:00:00.000+0000,VRBO,2016-10-12T03:32:04.973+0000
195483,8,2,Anonymous,Had a great stay,5,2015-08-01T00:00:00.000+0000,VRBO,2016-06-22T15:52:41.120+0000
195483,8,3,gary f.,Right down the road from Lion Rock Farm ,5,2016-05-20T00:00:00.000+0000,VRBO,2016-05-23T21:45:55.570+0000
195483,8,4,John J.,Excellent Stay,5,2015-07-12T00:00:00.000+0000,VRBO,2015-08-31T00:17:52.527+0000
195483,8,5,Susie A.,We loved our stay here!,5,2015-07-06T00:00:00.000+0000,VRBO,2015-07-13T16:45:29.267+0000
195483,8,6,Chris J.,Great stay!!,5,2014-05-30T00:00:00.000+0000,VRBO,2014-06-29T22:10:18.883+0000
195483,8,7,Romance-seekers,Lovely Weekend Escape,5,2010-09-24T00:00:00.000+0000,VRBO,2010-10-01T14:54:21.573+0000
195483,8,8,Missy B.,Thomas Kinkade Cottage,5,2008-10-20T00:00:00.000+0000,VRBO,2010-06-21T11:05:39.717+0000
270254,6,1,David W.,I could watch the river all day!,5,2017-03-03T00:00:00.000+0000,VRBO,2017-03-06T16:00:00.000+0000
270254,6,2,Cindy W.,"Idyllic, peaceful corner of CT",5,2016-08-29T00:00:00.000+0000,VRBO,2016-09-11T02:48:12.340+0000
270254,6,3,Kirsten M.,"Relaxing, perfectly-equipped home for a getaway",5,2016-07-02T00:00:00.000+0000,VRBO,2016-07-05T15:49:57.810+0000
270254,6,4,"Jeff & Mary, USA",Great weekend getaway,5,2014-08-08T00:00:00.000+0000,VRBO,2014-08-23T13:42:30.073+0000
270254,6,5,Carole K.,House on the housi,5,2012-04-04T00:00:00.000+0000,VRBO,2012-04-15T18:29:15.963+0000
270254,6,6,LisaL,Tranquil Riverside Getaway,5,2011-12-23T00:00:00.000+0000,VRBO,2012-01-07T16:36:21.173+0000
383319,4,1,Phyllis I.,Great family weekend ,5,2017-02-17T00:00:00.000+0000,VRBO,2017-03-23T01:28:00.000+0000
383319,4,2,Kate B.,Perfect fit for big family celebration of mom's 70th-,5,2017-03-10T00:00:00.000+0000,VRBO,2017-03-17T13:09:00.000+0000
383319,4,3,Bethanie B.,Wonderful bright and cozy weekend getaway!,5,2015-10-16T00:00:00.000+0000,VRBO,2015-10-19T18:51:07.160+0000
383319,4,4,Alan F.,An unexpected and delightful weekend away,5,2014-10-24T00:00:00.000+0000,VRBO,2014-10-28T13:23:12.967+0000
3553226ha,7,1,Teresa M.,Quaint Cottage for a quiet gettaway.,5,2016-10-06T00:00:00.000+0000,VRBO,2016-10-13T22:58:00.000+0000
3553226ha,7,2,Mike,Exactly what we were looking for!,5,2014-09-26T00:00:00.000+0000,VRBO,2014-10-06T15:28:01.300+0000
3553226ha,7,3,amy a.,Perfect weekend getaway!,5,2013-10-05T00:00:00.000+0000,VRBO,2013-12-28T00:33:14.317+0000
3553226ha,7,4,Anonymous,Paradise on Highland Lake,5,2013-09-24T00:00:00.000+0000,VRBO,2013-10-16T12:46:37.780+0000
3553226ha,7,5,Anonymous,Excellent Place!,5,2013-09-29T00:00:00.000+0000,VRBO,2013-10-15T20:02:07.443+0000
3553226ha,7,6,Ann Marie h.,Everything and then some!,5,2013-10-12T00:00:00.000+0000,VRBO,2013-10-15T20:00:58.257+0000
3553226ha,7,7,Anonymous,Vacation Paradise,4,2013-06-02T00:00:00.000+0000,VRBO,2013-07-10T16:21:08.457+0000
4056959ha,3,1,Casey F.,Relaxing Weekend for a Family of Five,5,2017-02-17T00:00:00.000+0000,VRBO,2017-02-21T18:47:00.000+0000
4056959ha,3,2,Sarah O.,"Beautiful Home, Relaxing Stay",5,2016-02-12T00:00:00.000+0000,VRBO,2016-03-30T12:34:19.017+0000
4056959ha,3,3,Greg M.,Beautiful Setting for a Relaxing Weekend,5,2015-12-29T00:00:00.000+0000,VRBO,2016-02-01T18:37:00.000+0000
4559290ha,11,1,Margery M.,Comfortable and Convenient,5,2016-08-28T00:00:00.000+0000,VRBO,2016-09-05T14:43:00.000+0000
4559290ha,11,2,tiffany h.,Litchfield wedding ,5,2015-09-18T00:00:00.000+0000,VRBO,2015-09-22T02:49:22.213+0000
4559290ha,11,3,rob r.,"Rob, Tom & Sonny",5,2015-05-28T00:00:00.000+0000,VRBO,2015-06-03T16:26:42.503+0000
4559290ha,11,4,Janet R.,"Beautiful house, perfect location.",5,2015-05-13T00:00:00.000+0000,VRBO,2015-05-31T19:00:56.577+0000
4559290ha,11,5,lbagot,Lovely and Relaxing!,5,2014-08-16T00:00:00.000+0000,VRBO,2015-02-09T19:56:37.773+0000
4559290ha,11,6,JB,Charming Home!,5,2014-06-07T00:00:00.000+0000,VRBO,2014-08-05T11:12:06.357+0000
4559290ha,11,7,Susan L.,Fabulous family vacation home,5,2014-06-26T00:00:00.000+0000,VRBO,2014-06-26T19:11:38.497+0000
4559290ha,11,8,tdmedallion,Outstanding,5,2013-11-01T00:00:00.000+0000,VRBO,2013-11-06T17:20:23.443+0000
4559290ha,11,9,Ann Marie,Lovely house!,5,2012-10-14T00:00:00.000+0000,VRBO,2012-10-22T13:10:01.103+0000
4559290ha,11,10,Scout,perfect home. Will return!,5,2010-10-22T00:00:00.000+0000,VRBO,2011-05-15T19:21:04.700+0000
4559290ha,11,11,Australians,Family from Australia,5,2010-12-17T00:00:00.000+0000,VRBO,2011-05-04T11:38:52.133+0000
931820ha,11,1,Tara W.,Great Lake House; Relaxed Setting,5,2015-07-20T00:00:00.000+0000,VRBO,2015-08-24T02:45:37.063+0000
931820ha,11,2,Barbara L.,Park like backyard and beautiful updated home.,5,2014-07-24T00:00:00.000+0000,VRBO,2014-08-01T18:17:58.147+0000
931820ha,11,3,Anonymous,"Lovely spot, beautiful property",5,2014-05-15T00:00:00.000+0000,VRBO,2014-05-27T17:53:03.420+0000
931820ha,11,4,Anonymous,Beautiful time and space!,4,2013-08-11T00:00:00.000+0000,VRBO,2013-09-23T18:08:39.723+0000
931820ha,11,5,Shamez K.,"Not Just a Rental, A Real Home!",5,2013-06-23T00:00:00.000+0000,VRBO,2013-06-29T23:08:22.713+0000
931820ha,11,6,Marissa N.,Perfect Getaway!,5,2012-10-04T00:00:00.000+0000,VRBO,2012-10-12T01:22:14.633+0000
931820ha,11,7,Matt F.,A Filmmaker's Dream!,5,2012-09-28T00:00:00.000+0000,VRBO,2012-10-09T18:44:16.887+0000
931820ha,11,8,Betsy A.,Exceptional setting and owner,5,2012-07-22T00:00:00.000+0000,VRBO,2012-08-14T16:12:08.537+0000
931820ha,11,9,Kim T.,Fantastic Stay at a gorgeous home on the lake! ,5,2012-08-04T00:00:00.000+0000,VRBO,2012-08-06T17:11:13.997+0000
931820ha,11,10,Connie N.,Above & Beyond Expectations,5,2012-06-02T00:00:00.000+0000,VRBO,2012-06-18T19:30:03.790+0000
931820ha,11,11,John  S.,Perfect Lake House Vacation,5,2011-08-14T00:00:00.000+0000,VRBO,2012-04-09T11:41:47.133+0000
679223,2,1,Colleen C.,Fabulous property. Excellent experience!,5,2015-10-22T00:00:00.000+0000,VRBO,2015-10-27T20:21:12.847+0000
679223,2,2,Minnesota Travellers,Perfect Winter Retreat,5,2015-02-13T00:00:00.000+0000,VRBO,2015-06-10T17:11:48.280+0000
3796973ha,12,1,G d.,Highly recommended,5,2016-08-13T00:00:00.000+0000,VRBO,2016-08-21T16:02:39.823+0000
3796973ha,12,2,Lorraine K.,Woodridge Lake Home was Perfect!,5,2016-07-02T00:00:00.000+0000,VRBO,2016-07-27T23:40:11.037+0000
3796973ha,12,3,Richard W.,Exceeded Expectations!,5,2016-07-09T00:00:00.000+0000,VRBO,2016-07-22T14:36:35.913+0000
3796973ha,12,4,Steve O.,"Beautiful house, great spot",5,2015-12-19T00:00:00.000+0000,VRBO,2016-02-04T15:19:59.487+0000
3796973ha,12,5,Eileen M.,Woodridge Lake Property,5,2015-08-02T00:00:00.000+0000,VRBO,2015-08-30T17:58:27.347+0000
3796973ha,12,6,Michael C.,Very Nice Spot,5,2014-08-20T00:00:00.000+0000,VRBO,2014-09-03T14:22:25.460+0000
3796973ha,12,7,Stephan W.,Nice NYC Getaway,5,2014-07-17T00:00:00.000+0000,VRBO,2014-07-28T11:35:06.270+0000
3796973ha,12,8,Shelley B.,Winter Wonderland,5,2014-01-04T00:00:00.000+0000,VRBO,2014-07-26T06:44:26.847+0000
3796973ha,12,9,Blaine S.,This is all you can ask for and more!  Amazing!,5,2014-06-05T00:00:00.000+0000,VRBO,2014-07-24T17:29:05.107+0000
3796973ha,12,10,Jill S.,"Great, relaxing weekend in a beautiful home!",5,2014-07-03T00:00:00.000+0000,VRBO,2014-07-09T14:38:14.897+0000
3796973ha,12,11,Julie L.,Perfect property!,5,2014-06-27T00:00:00.000+0000,VRBO,2014-07-04T14:07:24.850+0000
3796973ha,12,12,naomi s.,Beautiful and Peaceful Retreat,5,2013-07-18T00:00:00.000+0000,VRBO,2014-06-30T17:08:54.283+0000
1066554,1,1,Jess,Lovely home in great condition. Great neighborhood activities.,5,2017-05-19T00:00:00.000+0000,VRBO,2017-05-29T15:39:00.000+0000
223786,5,1,Mary,"Inviting, Spotless and Beautifully Decorated",5,2014-08-23T00:00:00.000+0000,VRBO,2014-09-16T22:00:06.567+0000
223786,5,2,West Coast Dwellers,So pleased to have visited ......!!,5,2013-08-21T00:00:00.000+0000,VRBO,2013-09-15T23:44:41.327+0000
223786,5,3,bobinho,Marvelous home,5,2011-07-17T00:00:00.000+0000,VRBO,2011-08-04T14:12:33.090+0000
223786,5,4,Sally & Richard,Wonderful country retreat,5,2011-05-14T00:00:00.000+0000,VRBO,2011-06-13T21:15:04.060+0000
223786,5,5,roman alder,I had rented the home for...,5,2009-07-29T00:00:00.000+0000,VRBO,2009-07-29T18:21:16.000+0000
4522228ha,2,1,Marty G.,Relaxing,5,2017-05-25T00:00:00.000+0000,VRBO,2017-05-31T16:42:00.000+0000
4522228ha,2,2,Bonnie B.,Review of vintage rental cottage on Lake Waramaug in N.W. Conn.,5,2017-04-28T00:00:00.000+0000,VRBO,2017-04-29T14:32:00.000+0000
600059,1,1,Kathryn,Kent - Panoramic View of Litchfield Hills,5,2014-09-30T00:00:00.000+0000,VRBO,2015-02-01T01:22:49.697+0000
156557ha,12,1,John T.,Great House for the Family,5,2017-01-14T00:00:00.000+0000,VRBO,2017-01-18T21:52:00.000+0000
156557ha,12,2,Peter N.,Fantastic House,5,2015-08-07T00:00:00.000+0000,VRBO,2015-08-10T21:03:59.280+0000
156557ha,12,3,William C.,Wonderful Home With Lots of Sunlight ! !,5,2015-05-21T00:00:00.000+0000,VRBO,2015-06-02T20:34:29.460+0000
156557ha,12,4,Aidan O.,Idyllic New England,5,2014-10-26T00:00:00.000+0000,VRBO,2015-05-08T09:35:37.007+0000
156557ha,12,5,ja w.,Excellent,5,2014-11-25T00:00:00.000+0000,VRBO,2014-12-13T21:22:15.590+0000
156557ha,12,6,qltingrl,Comfortable home in a good location,5,2014-05-24T00:00:00.000+0000,VRBO,2014-06-05T01:05:46.453+0000
156557ha,12,7,Bruce G.,Excellent,5,2013-04-11T00:00:00.000+0000,VRBO,2013-05-14T22:35:27.893+0000
156557ha,12,8,"A guest from Litchfield, CT",Thank you again,5,2010-12-21T00:00:00.000+0000,VRBO,2011-01-06T02:29:35.227+0000
156557ha,12,9,John,A great getaway at an affordable price.,5,2010-08-16T00:00:00.000+0000,VRBO,2010-09-10T17:05:07.190+0000
156557ha,12,10,Anonymous,Very Nice Property,5,2010-03-30T00:00:00.000+0000,VRBO,2010-05-10T23:42:03.383+0000
156557ha,12,11,Copper519,Comfortable and Spacious,5,2009-12-20T00:00:00.000+0000,VRBO,2010-04-17T15:49:09.763+0000
156557ha,12,12,CRD1234,A Wonderful Home in a Wonderful Area,5,2007-05-26T00:00:00.000+0000,VRBO,2009-09-29T12:20:22.463+0000
332064,6,1,Charlotte J.,"Lovely home, Lovely Area",5,2015-12-22T00:00:00.000+0000,VRBO,2016-01-20T18:31:02.707+0000
332064,6,2,Charles L.,Fantastic Stay,5,2013-08-26T00:00:00.000+0000,VRBO,2013-09-06T03:42:57.717+0000
332064,6,3,Garrett H.,Great stay in Litchfield Conneticut ,5,2013-01-01T00:00:00.000+0000,VRBO,2013-02-03T20:33:23.030+0000
332064,6,4,sarah,The perfect country home,5,2013-01-18T00:00:00.000+0000,VRBO,2013-01-22T17:16:06.517+0000
332064,6,5,Peter R,Family Holiday ,5,2012-12-21T00:00:00.000+0000,VRBO,2012-12-31T19:29:10.040+0000
332064,6,6,victoria w.,Fabulous country retreat,5,2011-08-01T00:00:00.000+0000,VRBO,2012-02-28T00:57:14.007+0000
332858,1,1,Monica,Exceptional!!,5,2011-08-15T00:00:00.000+0000,VRBO,2011-08-20T00:52:15.480+0000
760954,2,1,Melissa K.,Quintessential New England Charm,5,2017-01-14T00:00:00.000+0000,VRBO,2017-01-23T21:49:29.167+0000
760954,2,2,Lettuceinlove,Beautiful and picturesque,5,2016-09-29T00:00:00.000+0000,VRBO,2016-10-09T17:52:06.300+0000
996923ha,10,1,Kelly C.,Wonderful vacation!! ,5,2016-08-20T00:00:00.000+0000,VRBO,2017-01-02T18:51:12.877+0000
996923ha,10,2,Kara S.,"Fantastic house, amazing view",5,2016-10-14T00:00:00.000+0000,VRBO,2016-10-18T11:14:00.817+0000
996923ha,10,3,Dick,Richard E,5,2016-07-23T00:00:00.000+0000,VRBO,2016-08-02T17:15:18.577+0000
996923ha,10,4,Jennifer J.,Perfect family vacation home!  ,5,2016-05-27T00:00:00.000+0000,VRBO,2016-06-04T17:57:42.597+0000
996923ha,10,5,Crystal R.,Great place for a family with young children.,5,2015-07-25T00:00:00.000+0000,VRBO,2015-10-31T18:41:50.500+0000
996923ha,10,6,Carlos S.,High School Reunion,5,2015-05-15T00:00:00.000+0000,VRBO,2015-05-29T20:44:47.107+0000
996923ha,10,7,sadane,Perfect!,5,2014-06-10T00:00:00.000+0000,VRBO,2014-06-24T23:56:06.023+0000
996923ha,10,8,Brian H.,Picture Perfect!,5,2012-09-21T00:00:00.000+0000,VRBO,2013-01-10T13:40:51.537+0000
996923ha,10,9,Steve V.,Wonderful time,4,2012-08-25T00:00:00.000+0000,VRBO,2012-09-06T11:08:19.867+0000
996923ha,10,10,Barbara R.,"Fantasitc, beautiful house, perfect location!!!!",5,2012-07-13T00:00:00.000+0000,VRBO,2012-07-22T22:05:27.120+0000
979942ha,3,1,Shirley H.,Incredibly Picturesque Stay,5,2016-12-26T00:00:00.000+0000,VRBO,2017-01-25T21:44:00.000+0000
979942ha,3,2,JACQUELINE A.,Our family of 9 adults and 6 children had a memorable and enjoyable 5 night stay at RockHall.,4,2016-08-19T00:00:00.000+0000,VRBO,2016-09-04T21:22:00.000+0000
979942ha,3,3,Shalini S.,Great property for large family get together,5,2016-07-29T00:00:00.000+0000,VRBO,2016-08-12T02:13:00.000+0000
512615,13,1,Glenn G.,Large Home with lots of areas to meet and gather,4,2017-05-26T00:00:00.000+0000,VRBO,2017-06-02T16:20:00.000+0000
512615,13,2,Alice V.,"A spacious, attractive get away home",4,2016-10-14T00:00:00.000+0000,VRBO,2016-10-24T15:53:00.000+0000
512615,13,3,Les,Great of house but with limited shower facilities,4,2016-08-30T00:00:00.000+0000,VRBO,2016-09-18T15:53:00.000+0000
512615,13,4,Lee K.,Amazing weekend,5,2016-06-24T00:00:00.000+0000,VRBO,2016-06-26T18:24:59.943+0000
512615,13,5,Nadia K.,Wonderful House!,5,2015-10-02T00:00:00.000+0000,VRBO,2015-10-07T12:56:03.897+0000
512615,13,6,Beth Z.,Comfortable Home for a Family Gathering,5,2015-05-29T00:00:00.000+0000,VRBO,2015-08-15T12:18:43.730+0000
512615,13,7,Marsha C.,A Comfortable Home in an Inspiring Environment,5,2015-06-27T00:00:00.000+0000,VRBO,2015-06-29T01:36:00.390+0000
512615,13,8,Snowed in,Family Fun,5,2015-03-21T00:00:00.000+0000,VRBO,2015-03-31T23:48:43.323+0000
512615,13,9,Eileen N.,Great place for families with kids,4,2014-08-17T00:00:00.000+0000,VRBO,2015-01-16T03:50:54.647+0000
512615,13,10,Hudson Valley,Wonderful Weekend,5,2014-12-05T00:00:00.000+0000,VRBO,2015-01-08T10:54:22.797+0000
512615,13,11,Erin E.,Excellent weekend getaway with friends,5,2014-11-07T00:00:00.000+0000,VRBO,2015-01-07T23:05:09.327+0000
512615,13,12,NewHavenJ,Perfect Weekend Retreat!,5,2014-04-18T00:00:00.000+0000,VRBO,2014-04-26T04:13:05.907+0000
512615,13,13,Talia S.,Beautiful Historic House in the Country,5,2013-06-21T00:00:00.000+0000,VRBO,2014-02-08T23:10:44.527+0000
423269,6,1,Travel Bug,Warm 18th Century Winter Retreat,5,2016-01-08T00:00:00.000+0000,VRBO,2016-01-15T09:34:02.543+0000
423269,6,2,Chris and Mary,Wonderful Stay!,5,2012-09-21T00:00:00.000+0000,VRBO,2012-11-27T22:12:14.650+0000
423269,6,3,Carrie,Perfect Pre-Baby Getaway,5,2012-07-26T00:00:00.000+0000,VRBO,2012-11-14T15:50:00.507+0000
423269,6,4,Viajeron,Perfect Fall Retreat,5,2012-10-17T00:00:00.000+0000,VRBO,2012-10-24T15:48:04.720+0000
423269,6,5,Anonymous,"Great character, landscape",5,2012-08-20T00:00:00.000+0000,VRBO,2012-09-28T00:50:01.720+0000
423269,6,6,Anonymous,A recreative place to relax and to be,4,2012-06-16T00:00:00.000+0000,VRBO,2012-07-12T17:18:44.180+0000
124476ha,16,1,Sandy S.,Wonderful Girls weekend,4,2017-03-17T00:00:00.000+0000,VRBO,2017-04-03T12:27:00.000+0000
124476ha,16,2,Christine D.,Perfect!,4,2015-08-01T00:00:00.000+0000,VRBO,2015-08-18T01:18:13.323+0000
124476ha,16,3,Felicite S.,Awsome time!,5,2013-12-28T00:00:00.000+0000,VRBO,2014-01-08T15:17:56.450+0000
124476ha,16,4,Linda P.,Golden Girls Meet Again,4,2012-10-12T00:00:00.000+0000,VRBO,2012-10-20T15:03:35.017+0000
124476ha,16,5,Michelle S.,A Family Gathering Place,4,2011-04-22T00:00:00.000+0000,VRBO,2011-05-24T15:37:11.183+0000
124476ha,16,6,St Joseph's Ladies,Girls Weekend,5,2010-09-24T00:00:00.000+0000,VRBO,2010-09-27T14:08:50.060+0000
124476ha,16,7,Wayne & Nelva,A Real Vacation,5,2010-08-13T00:00:00.000+0000,VRBO,2010-08-23T21:58:54.840+0000
124476ha,16,8,Anonymous,Two Magical Weeks in July ,5,2010-07-18T00:00:00.000+0000,VRBO,2010-08-09T02:25:21.800+0000
124476ha,16,9,jane W.,Delightful Family Gathering Place,5,2010-05-14T00:00:00.000+0000,VRBO,2010-05-17T13:59:24.103+0000
124476ha,16,10,50th Birthday Weekend,We had a great time .......................,5,2009-11-06T00:00:00.000+0000,VRBO,2009-11-10T18:51:56.323+0000
124476ha,16,11,Shea1209,Spectacular  Weekend,5,2009-11-06T00:00:00.000+0000,VRBO,2009-11-10T16:32:52.430+0000
124476ha,16,12,Anonymous,The Lake House,5,2009-10-09T00:00:00.000+0000,VRBO,2009-10-13T02:10:00.020+0000
124476ha,16,13,Anonymous,Columbus Day 2009 Visit,5,2009-10-09T00:00:00.000+0000,VRBO,2009-10-13T01:46:30.230+0000
124476ha,16,14,Koy,Wonderful Lakehouse,5,2009-07-11T00:00:00.000+0000,VRBO,2009-09-08T20:27:37.263+0000
124476ha,16,15,Beatrix and Staffan,Lakehouse paradise,5,2009-07-31T00:00:00.000+0000,VRBO,2009-08-28T14:41:47.893+0000
124476ha,16,16,karla1,A wonderful week at the lake ,5,2009-07-18T00:00:00.000+0000,VRBO,2009-08-11T12:33:07.187+0000
280040ha,4,1,Kimberley C.,Lovely cottage!,5,2016-08-24T00:00:00.000+0000,VRBO,2016-11-26T13:55:58.787+0000
280040ha,4,2,Jacqueline C.,"Cutest Cottage, The Best of Childhood",5,2016-07-19T00:00:00.000+0000,VRBO,2016-07-28T12:50:14.823+0000
280040ha,4,3,emily b.,Carefree living within walking distance to lake & shops,5,2015-08-29T00:00:00.000+0000,VRBO,2015-09-08T00:17:18.697+0000
280040ha,4,4,Diane F.,"Charming Cottage, Fabulous Location",5,2015-07-01T00:00:00.000+0000,VRBO,2015-07-26T17:00:16.147+0000
295122,11,1,Anonymous,"Utterly charming, cozy and comfortable!",5,2017-05-19T00:00:00.000+0000,VRBO,2017-05-29T15:39:00.000+0000
295122,11,2,Christine M.,Pure Delight,5,2017-05-13T00:00:00.000+0000,VRBO,2017-05-18T20:18:00.000+0000
295122,11,3,Katrina V.,Perfect week in the country,5,2017-05-08T00:00:00.000+0000,VRBO,2017-05-15T11:09:00.000+0000
295122,11,4,Alan B,2 weeks we would surely do again,5,2015-07-01T00:00:00.000+0000,VRBO,2015-07-18T12:11:48.147+0000
295122,11,5,Bride and Groom,Weekend in New England,5,2014-10-10T00:00:00.000+0000,VRBO,2014-10-20T23:53:53.193+0000
295122,11,6,Yael B.,Great relaxation,5,2014-07-03T00:00:00.000+0000,VRBO,2014-07-07T17:56:34.517+0000
295122,11,7,Suzanne S.,"Lovely home, beautiful yard, nice town",5,2014-05-16T00:00:00.000+0000,VRBO,2014-05-30T22:37:59.457+0000
295122,11,8,Bonnie,Restful and Relaxing,5,2013-09-05T00:00:00.000+0000,VRBO,2013-09-12T02:02:05.990+0000
295122,11,9,CT,Wonderful CT Home,5,2011-07-09T00:00:00.000+0000,VRBO,2011-09-07T14:12:40.257+0000
295122,11,10,whitney139,Idyllic Country Home,5,2010-05-15T00:00:00.000+0000,VRBO,2010-05-17T18:24:54.490+0000
295122,11,11,Mimi 18,Spring is so Beautiful in New Preston,5,2010-04-23T00:00:00.000+0000,VRBO,2010-05-07T16:39:45.633+0000
3023388ha,23,1,Melissa N.,Outstanding! Best cozy winter getaway in CT!,5,2016-12-29T00:00:00.000+0000,VRBO,2017-01-02T16:37:28.420+0000
3023388ha,23,2,Steve T.,One of the best weekends away... ever,5,2016-10-07T00:00:00.000+0000,VRBO,2016-10-25T04:04:42.177+0000
3023388ha,23,3,Vineeta P.,Lovely cottage ,5,2016-09-16T00:00:00.000+0000,VRBO,2016-09-21T17:06:56.677+0000
3023388ha,23,4,Tonya G.,Beautiful Cottage in the Berkshires,5,2016-06-10T00:00:00.000+0000,VRBO,2016-06-13T22:37:34.927+0000
3023388ha,23,5,Steven L.,Best yet!,5,2016-04-16T00:00:00.000+0000,VRBO,2016-04-21T10:48:02.420+0000
3023388ha,23,6,Kevin M.,Hidden Gem!,5,2015-08-13T00:00:00.000+0000,VRBO,2016-03-26T21:00:44.947+0000
3023388ha,23,7,Anonymous,Amazing ,5,2016-02-12T00:00:00.000+0000,VRBO,2016-02-19T22:52:22.577+0000
3023388ha,23,8,Etta B.,"Stunning, cozy and comfortable ",5,2015-12-31T00:00:00.000+0000,VRBO,2016-01-04T13:45:51.597+0000
3023388ha,23,9,Gerson S.,Perfection,5,2015-11-23T00:00:00.000+0000,VRBO,2015-11-29T17:02:18.167+0000
3023388ha,23,10,william m.,COUNTRY COMFORT,5,2014-11-18T00:00:00.000+0000,VRBO,2014-12-09T02:21:36.943+0000
3023388ha,23,11,Sammie,A lovely retreat to just getaway from it all,5,2014-11-17T00:00:00.000+0000,VRBO,2014-12-05T04:52:54.787+0000
3023388ha,23,12,Donna M.,"Peaceful, romantic and inspiring",5,2014-07-19T00:00:00.000+0000,VRBO,2014-07-28T18:09:34.837+0000
3023388ha,23,13,Haden S.,Wonderful Cottage,5,2014-06-01T00:00:00.000+0000,VRBO,2014-06-05T22:32:08.483+0000
3023388ha,23,14,Liz & Barry,A Wonderful Early Fall Weekend,5,2013-09-20T00:00:00.000+0000,VRBO,2013-10-02T20:53:51.703+0000
3023388ha,23,15,Alannah G.,One of a kind rental house,5,2013-09-26T00:00:00.000+0000,VRBO,2013-09-28T21:05:43.767+0000
3023388ha,23,16,Jeffry and Jean,Beautiful and Serene Retreat,5,2013-09-09T00:00:00.000+0000,VRBO,2013-09-19T13:48:37.800+0000
3023388ha,23,17,Robin,A Bit of Tuscany in Connecticut,5,2013-08-09T00:00:00.000+0000,VRBO,2013-08-30T19:08:46.097+0000
3023388ha,23,18,Gregory B.,A Beautiful Cottage,5,2013-07-20T00:00:00.000+0000,VRBO,2013-07-29T11:56:22.913+0000
3023388ha,23,19,Anonymous,A lovely cottage with a river view ,5,2013-07-03T00:00:00.000+0000,VRBO,2013-07-10T13:56:39.757+0000
3023388ha,23,20,RICHARD B.,"""Peaceful, Easy, Feeling'",5,2013-06-24T00:00:00.000+0000,VRBO,2013-06-27T16:13:49.233+0000
3023388ha,23,21,Michelle L.,"Beautiful Home, Perfect Location",5,2012-10-04T00:00:00.000+0000,VRBO,2012-10-08T12:28:46.763+0000
3023388ha,23,22,Thomas R.,Truly Tasteful and Romantic,5,2012-09-28T00:00:00.000+0000,VRBO,2012-10-07T17:02:08.793+0000
3023388ha,23,23,Frank D.,Perfect Getaway,5,2012-09-14T00:00:00.000+0000,VRBO,2012-09-18T17:34:37.143+0000
978641ha,6,1,Rakel P.,Spectacular hidden gem,5,2017-02-24T00:00:00.000+0000,VRBO,2017-03-16T18:36:00.000+0000
978641ha,6,2,Ben B.,Beautiful property & for families with kids that love sports &/or the outdoors - the PERFECT setup!,5,2016-04-20T00:00:00.000+0000,VRBO,2016-04-24T20:03:43.783+0000
978641ha,6,3,Jackson G.,Great location on a beautiful piece of property. ,5,2014-05-21T00:00:00.000+0000,VRBO,2014-06-09T17:12:09.837+0000
978641ha,6,4,Family of 3 ,Family of Three - ,5,2013-07-03T00:00:00.000+0000,VRBO,2013-08-06T15:38:14.087+0000
978641ha,6,5,Carolyn A., Peace and quiet and amazing views!,5,2011-09-09T00:00:00.000+0000,VRBO,2011-09-16T14:34:30.233+0000
978641ha,6,6,Shep,Private with all the amenities of a weekend retreat ,5,2011-08-22T00:00:00.000+0000,VRBO,2011-09-13T13:09:33.583+0000
230399,17,1,amy k.,Beautiful Home & Setting,5,2017-05-26T00:00:00.000+0000,VRBO,2017-05-29T18:00:00.000+0000
230399,17,2,Morgan P.,"Beautiful, Clean Home",5,2017-03-10T00:00:00.000+0000,VRBO,2017-03-12T20:07:00.000+0000
230399,17,3,Ned C.,Great space - convient location,5,2016-01-15T00:00:00.000+0000,VRBO,2016-01-19T19:00:27.447+0000
230399,17,4,Andrew Y.,Wedding Weekend,5,2015-06-26T00:00:00.000+0000,VRBO,2015-08-08T05:24:35.820+0000
230399,17,5,Begen L.,Perfect Weekend Escape!,5,2014-10-10T00:00:00.000+0000,VRBO,2014-10-23T23:15:42.973+0000
230399,17,6,Taylor W.,Great Reunion Weekend House,5,2014-08-22T00:00:00.000+0000,VRBO,2014-09-08T20:37:07.927+0000
230399,17,7,Dellabelle,Great NW Connecticut getaway,5,2013-09-15T00:00:00.000+0000,VRBO,2013-10-10T22:49:29.137+0000
230399,17,8,Laura S.,Liked it so much we came back,5,2013-06-01T00:00:00.000+0000,VRBO,2013-07-22T18:30:24.747+0000
230399,17,9,Margaret Ann R.,It feels like home,5,2012-11-21T00:00:00.000+0000,VRBO,2012-11-28T17:41:47.150+0000
230399,17,10,Robin,Beautiful and Serene,5,2012-07-29T00:00:00.000+0000,VRBO,2012-09-01T17:23:34.053+0000
230399,17,11,Laura S.,A+ Welcoming Space,5,2012-05-30T00:00:00.000+0000,VRBO,2012-07-06T17:09:58.543+0000
230399,17,12,Kirsten B.,Great stay!,5,2011-12-29T00:00:00.000+0000,VRBO,2012-01-08T15:32:45.467+0000
230399,17,13,Margaret Ann R.,Fabulous Family Reunion,5,2011-11-23T00:00:00.000+0000,VRBO,2011-11-28T12:03:38.153+0000
230399,17,14,Craig C.,Great Property,5,2011-07-08T00:00:00.000+0000,VRBO,2011-08-16T16:56:17.497+0000
230399,17,15,James,Spectacular Family Christmas,5,2010-12-23T00:00:00.000+0000,VRBO,2011-01-11T13:49:03.017+0000
230399,17,16,Scott G.,Great restful vacation.,5,2010-09-01T00:00:00.000+0000,VRBO,2010-09-21T18:49:25.720+0000
230399,17,17,TONY,falls village retreat,5,2010-06-20T00:00:00.000+0000,VRBO,2010-06-26T21:04:03.323+0000
82175,3,1,Kevin W.,True Vacation,5,2016-07-16T00:00:00.000+0000,VRBO,2016-08-06T02:59:06.650+0000
82175,3,2,Anonymous,Wonderful and relaxing get away!,5,2016-07-23T00:00:00.000+0000,VRBO,2016-08-04T17:18:43.187+0000
82175,3,3,Dave and Betsy,family vacation,5,2013-08-03T00:00:00.000+0000,VRBO,2014-03-14T10:06:15.827+0000
777054,1,1,S K.,"Fantastic, spacious, and very comfortable home",5,2016-05-27T00:00:00.000+0000,VRBO,2016-06-13T15:39:21.970+0000
290841,2,1,Patty T.,8/28 - 9/1/2014,2,2014-08-28T00:00:00.000+0000,VRBO,2014-09-08T20:41:33.307+0000
290841,2,2,Eileen M.,Charming & great comfy beds,5,2010-12-23T00:00:00.000+0000,VRBO,2011-01-05T14:41:45.537+0000
283184ha,17,1,amy k.,Beautiful Home & Setting,5,2017-05-26T00:00:00.000+0000,VRBO,2017-05-29T18:00:00.000+0000
283184ha,17,2,Morgan P.,"Beautiful, Clean Home",5,2017-03-10T00:00:00.000+0000,VRBO,2017-03-12T20:07:00.000+0000
283184ha,17,3,Ned C.,Great space - convient location,5,2016-01-15T00:00:00.000+0000,VRBO,2016-01-19T19:00:27.447+0000
283184ha,17,4,Andrew Y.,Wedding Weekend,5,2015-06-26T00:00:00.000+0000,VRBO,2015-08-08T05:24:35.820+0000
283184ha,17,5,Begen L.,Perfect Weekend Escape!,5,2014-10-10T00:00:00.000+0000,VRBO,2014-10-23T23:15:42.973+0000
283184ha,17,6,Taylor W.,Great Reunion Weekend House,5,2014-08-22T00:00:00.000+0000,VRBO,2014-09-08T20:37:07.927+0000
283184ha,17,7,Dellabelle,Great NW Connecticut getaway,5,2013-09-15T00:00:00.000+0000,VRBO,2013-10-10T22:49:29.137+0000
283184ha,17,8,Laura S.,Liked it so much we came back,5,2013-06-01T00:00:00.000+0000,VRBO,2013-07-22T18:30:24.747+0000
283184ha,17,9,Margaret Ann R.,It feels like home,5,2012-11-21T00:00:00.000+0000,VRBO,2012-11-28T17:41:47.150+0000
283184ha,17,10,Robin,Beautiful and Serene,5,2012-07-29T00:00:00.000+0000,VRBO,2012-09-01T17:23:34.053+0000
283184ha,17,11,Laura S.,A+ Welcoming Space,5,2012-05-30T00:00:00.000+0000,VRBO,2012-07-06T17:09:58.543+0000
283184ha,17,12,Kirsten B.,Great stay!,5,2011-12-29T00:00:00.000+0000,VRBO,2012-01-08T15:32:45.467+0000
283184ha,17,13,Margaret Ann R.,Fabulous Family Reunion,5,2011-11-23T00:00:00.000+0000,VRBO,2011-11-28T12:03:38.153+0000
283184ha,17,14,Craig C.,Great Property,5,2011-07-08T00:00:00.000+0000,VRBO,2011-08-16T16:56:17.497+0000
283184ha,17,15,James,Spectacular Family Christmas,5,2010-12-23T00:00:00.000+0000,VRBO,2011-01-11T13:49:03.017+0000
283184ha,17,16,Scott G.,Great restful vacation.,5,2010-09-01T00:00:00.000+0000,VRBO,2010-09-21T18:49:25.720+0000
283184ha,17,17,TONY,falls village retreat,5,2010-06-20T00:00:00.000+0000,VRBO,2010-06-26T21:04:03.323+0000
195736,4,1,Patricia K.,Ideal for a long week-end getaway ,5,2015-09-03T00:00:00.000+0000,VRBO,2015-09-21T15:23:30.883+0000
195736,4,2,Catskill Lodge,"Lovely Cottage, Lovely Area",5,2013-11-14T00:00:00.000+0000,VRBO,2013-11-22T16:44:17.250+0000
195736,4,3,PA,Weekend retreat,5,2013-01-04T00:00:00.000+0000,VRBO,2013-01-08T23:19:05.210+0000
195736,4,4,Courtenay,Magical Place,5,2010-07-20T00:00:00.000+0000,VRBO,2010-09-27T18:44:34.853+0000
143503,3,1,Lorinn,Overall A+,5,2016-10-20T00:00:00.000+0000,VRBO,2016-10-22T11:54:00.000+0000
143503,3,2,wjla,Wonderful Summer,5,2009-07-01T00:00:00.000+0000,VRBO,2010-03-28T17:06:44.743+0000
143503,3,3,Elana B.,We spent a spent a wonder...,5,2009-09-29T00:00:00.000+0000,VRBO,2009-09-30T01:41:20.000+0000
294005,10,1,Carla D.,A week to remember on Highland Lake,5,2016-08-29T00:00:00.000+0000,VRBO,2016-09-05T15:49:00.000+0000
294005,10,2,Mary R.,Great Place for Lake Vacation!,5,2016-08-07T00:00:00.000+0000,VRBO,2016-08-22T00:43:12.717+0000
294005,10,3,Chris,Quiet and comfortable,5,2013-10-20T00:00:00.000+0000,VRBO,2013-10-28T13:25:41.207+0000
294005,10,4,meltem s.,Clean and comfortable lake house,5,2013-08-04T00:00:00.000+0000,VRBO,2013-08-11T03:10:40.447+0000
294005,10,5,Linda,Great Time on Highland Lake,5,2013-07-20T00:00:00.000+0000,VRBO,2013-08-06T16:52:34.167+0000
294005,10,6,Anonymous,"Wonderful, relaxing week at the lake!",5,2012-08-11T00:00:00.000+0000,VRBO,2012-08-21T17:40:02.213+0000
294005,10,7,Chris,A GREAT FIND!,5,2011-08-06T00:00:00.000+0000,VRBO,2011-09-13T01:38:08.203+0000
294005,10,8,Dave and Karen,Beautiful home in a beautiful setting in Litchfield County,5,2010-08-14T00:00:00.000+0000,VRBO,2010-10-01T13:03:27.807+0000
294005,10,9,Ann P.,Relaxing Lake House,5,2010-08-07T00:00:00.000+0000,VRBO,2010-08-27T23:52:53.400+0000
294005,10,10,Gina,Awesome Week at the Lake!,5,2010-07-03T00:00:00.000+0000,VRBO,2010-07-16T14:46:52.103+0000
305283,1,1,Mary Rose  M.,Perfect in every way,5,2015-08-17T00:00:00.000+0000,VRBO,2015-08-28T13:01:30.503+0000
684964,2,1,Dion W.,"Cozy, quiet apartment",5,2015-12-02T00:00:00.000+0000,VRBO,2015-12-17T13:48:00.000+0000
684964,2,2,Les,Great Bachelor Pad,4,2015-09-02T00:00:00.000+0000,VRBO,2015-09-10T17:15:05.203+0000
